;values
0;Goblins
1;Hulk Talks (Marvel)
2;and all the wackiness involved with a headstrong character reincarnating into an unprepared world
3;Shounen-ai
4;Humor
5;challenge
6;Alternate Universe - Modern Setting
7;Grimdark
8;Short One Shot
9;Italiano | Italian
10;universo alternativo
11;embarazo inesperado
12;Nobody is Dead
13;Sexual Content
14;Discipline
15;Ichiro castiga severamente a Ryoga
16;Fandoms will be added as story goes on
17;He is a good dad but a terrible teacher
18;Cross-Posted on FanFiction.Net
19;apotheosis
20;Angst and Tragedy
21;Patricide
22;Temporal Paradox
23;Accidental Voyeurism
24;Animal Play
25;Explosions
26;Forced Marriage
27;Gamer Sawada Tsunayoshi
28;Curses
29;Genderswap
30;Ray almost manages a bit of gender introspection
31;Nihlus Kryik Lives
32;The Curse of Jusenkyo (Ranma 1/2)
33;Shepard is a good cook
34;Unrequited Love
35;seriously
36;General Fix-It
37;Warning in Chapter 6 for explicit curse description
38;Lingerie
39;Hair
40;Gladiators
41;Martial Arts
42;Telepathy
43;Female Protagonist
44;Cock Worship
45;Political Alliances
46;(Post-Canon for Ranma)
47;backdated
48;Infection just a Fanta juice
49;Splitting Soul
50;One Shot Collection
51;Nostalgia
52;Crack Treated Seriously
53;Mood Whiplash
54;Saotome Ranma is The Shadow
55;The Virus - Freeform
56;Talking Animals
57;Not Just Dark Though
58;Alternate Universe - Un-Go Fusion
59;Demisexuality
60;Blushing
61;pero encubierto
62;Female Monkey D. Dragon
63;Public Nudity
64;POV Third Person
65;Internalised Transphobia
66;assault rifle
67;Nonbinary Tenoh Haruka
68;(Not)Cheating
69;Ranma is sailor senshi/knight
70;Porn With Plot
71;Imaginary Friends
72;Blow Jobs
73;Cheating
74;No Crystal Tokyo
75;Naru Osaka is a Hero
76;No Beta
77;artistas marciales con poderes en un entorno moderno
78;Main Characters Tagged
79;Older Woman/Younger Man
80;Multiple Personalities
81;"ALSO not a ""Skill Tree Game Mechanics Interface"" kind of fic"
82;Genderbending (obviously)
83;Beta Ranma
84;Exhibitionism
85;not yaoi
86;Kissing
87;Community: hc_bingo
88;Post-Series
89;Non-Consensual Soul Bond
90;Iriomote Island
91;Dysphoria
92;Catgirl Ranma
93;love dodecahedron
94;Bondage
95;Stalking
96;No Lesbians Die
97;Alternate Universe - Writing & Publishing
98;Collars
99;Identity Issues
100;(kind of)
101;Short & Sweet
102;Self-Acceptance
103;Shampoo - Freeform
104;Mild Language
105;Photos
106;Trans Male Character
107;Trans Female Soun Tendou
108;Family Angst
109;Other Ships Not Mentioned in Tags
110;Relationship(s)
111;Exploration
112;Cum Inflation
113;kobold
114;Sensitive Tail
115;Sad with a Happy Ending
116;Teen Angst
117;Heartwarming
118;a bit of humor
119;It's more complicated than that tag suggests
120;Kunou Tatewaki has a heart
121;Passive text
122;Teen Pregnancy
123;Incredibly Self-Indulgent
124;Mythical Beings & Creatures
125;Porn Logic
126;Dialogue-Only
127;Crack and Angst
128;Ineptly-Attempted Seduction
129;Grief/Mourning
130;Crossdressing Kink
131;Happy
132;Alternate Universe - Hogwarts
133;Huddling For Warmth
134;Doppelganger
135;Christian Holidays
136;Sleeping Together
137;Akane is a pain
138;Nabiki is a clever as always
139;Tendou Akane Bashing
140;Fondling
141;Genma's still a jackass
142;Restaurants
143;Gender or Sex Change
144;Blood and Injury
145;Origin Story
146;SMUUUUUUUUUUUT
147;I cleaned it up a little?
148;Angst and Drama
149;It's far more closer to canon than it's inspiration
150;Knotting
151;Misunderstandings
152;Frustration
153;Male Solo
154;Ailurophobia
155;She's my girl
156;cat fist hinted to
157;Ranma runs away from Genma at Jusenkyo BEFORE visit to Amazon village and meeting with Tendos
158;eternal youth
159;Smart Ranma
160;Ranma would make a great actor
161;Genma’s an idiot
162;probably some fluff later on
163;Non-Linear Narrative
164;internalized heteronormativity
165;Family Feels
166;Ranma Didn't Sign Up for This
167;Exposure
168;Running
169;River rescue
170;Loss of Virginity
171;Breeding
172;Family Fluff
173;Milking
174;Sharing a Bed
175;Don't Like Don't Read
176;Feelings
177;Nipples
178;Sharing Body Heat
179;Adorable
180;Rule 34
181;Sunshine and Whiskey
182;cervical touching
183;The Author Regrets Everything
184;Dancing
185;Dirty Dancing
186;bimbofication
187;Self-Sacrifice
188;Crazy
189;Drought
190;dumb
191;Bravery
192;Angst and Fluff and Smut
193;Lesbians
194;reconnecting
195;ukyo and shampoo are just mentioned
196;They end up with the right people
197;how to save a life
198;Knock Knock
199;who's there?
200;Group Sex
201;Voodoo doll
202;ADHD
203;Tanuki
204;Monster Boy
205;queer positive
206;Referenced Masturbation
207;trans girl ryoga
208;Obsession
209;street fighter ii
210;Dreams vs. Reality
211;Nabiki likes gems
212;Shinichi probably doesn’t realise that though
213;Early 1990s Ambience
214;Comfort No Hurt
215;Sleep Deprivation
216;Ryoga uses his ultimate techique to inflct maximum damage
217;gender non-conforming Kaito
218;Training
219;Jealousy
220;Denial of Feelings
221;Prompt Fic
222;in this house we love and appreciate akane tendo even though ranma's with ukyo
223;slowburn
224;ongoing
225;Broken Bones
226;Well... she tries to
227;Evolving Identity
228;NO ONE KNOWS
229;Akane gets tied up so she will listen
230;internalized transphobia cw
231;But pretty minor nothing shown
232;Nonbinary Kurenai Tsubasa
233;Martial Arts Rythmic Gymnastics
234;sissy
235;BWC
236;I'm gonna fly by the seat of my pants
237;Potential OOC warning?
238;talk of trauma
239;Ancient History
240;post-manga
241;Loyalty
242;Punishment
243;Non-Consensual
244;But also manages to find her way out of the closet
245;In which Hibiki gets so lost she ends up outside her egg
246;big spider
247;Ranma is Fon's replacement
248;Scared Kunou Kodachi
249;Letters
250;healthy fighting
251;LGBTQ Character
252;Implied Consent
253;Use Your Words
254;Bedtime Stories
255;gender questioning ranma
256;Kitchen Sex
257;Ranma Saotome is a little shit
258;Ryoga Hibiki is not a bitch
259;Discussion of Abortion
260;Coma
261;Enemies to Lovers
262;Psychic Abilities
263;Crimes & Criminals
264;The Tendo Training Hall
265;Implied/Referenced Transphobia
266;Mermaids
267;Discussions on consent
268;Mildly Gay
269;Gender is a game and i'm winning
270;Martial Arts and Crafts
271;little to no Happosai bc seriously eff that guy
272;Yandere Saotome Ranma
273;Adopted Children
274;with some modifications
275;but Ranma projects
276;Fighting in an Alley
277;Internalized transphobia(?)
278;Ranma runs away
279;Burping
280;Awkward Crush
281;cursing
282;slight sexual situations
283;Implied Bigender Character
284;ranchan
285;Work In Progress
286;Jusenkyou
287;Stealth Crossover
288;Dark fic
289;Childhood Nightmare
290;Were-Creatures
291;Hi-jinks
292;General
293;OC Profile
294;Ranma ½ - Freeform
295;First Love
296;Ramen
297;First story
298;Alternate Universe - Politics
299;Alpha Stigma
300;Prequel
301;Tentacle Sex
302;Animal Traits
303;glory wall
304;Werewolves
305;Alternate Universe - No Powers
306;Female Sawada Tsunayoshi
307;Adventure
308;Different Curse
309;Time Travel
310;Implied/Referenced Rape/Non-con
311;Anything goes - Freeform
312;Fanservice
313;Mpreg
314;I'm Bad At Tagging
315;Barely any Ranma characters appearing
316;Cassandra Cain is Batgirl
317;Good Sibling Cassandra Cain
318;Texting
319;jasmine tea
320;Science Fiction
321;referencia a películas
322;Sickfic
323;Eating
324;and yes the pun in the title is very much intended
325;Suicide Attempt
326;Harry Potter - Freeform
327;tags will be added as the story goes on
328;Guilty Bakugou Katsuki
329;One Shot
330;Battle of Hogwarts
331;Harem Later On
332;Older Characters
333;Self-Hatred
334;Alternate Universe - Future
335;Mutants
336;The Author Regrets Nothing
337;Tokyo college au
338;Light BDSM
339;Xenophobia
340;Psychological Torture
341;Ghosts
342;Gangbang
343;Body Horror
344;shadow self
345;Master of Death Harry Potter
346;Transphobia mention
347;Community: makinghugospin
348;Perdida de memoria
349;Stalker
350;identity crisis
351;Bingo
352;Married Characters
353;Teenagers
354;Platonic Relationships
355;Autistic Woman
356;False Accusations
357;Arthurian
358;4th wall breaking liek whoah
359;Child Abuse
360;Eventual Romance
361;Happy Ending
362;Dolls
363;Drabble Sequence
364;Alternate Universe - Gods & Goddesses
365;Snippets
366;Taking a swim in some cursed springs
367;duality?
368;kaiju attacking the city
369;Memory Loss
370;Iori and Soma are cousin
371;Deutsch | German
372;Genderfluid Saotome Ranma
373;Sawada Nana is Saotome Ranma
374;Parent/Child Incest
375;Except Izuku
376;The Holy Land Mariejois
377;Fanart
378;Anal Fingering
379;Object Insertion
380;prompts
381;From the people who aren’t gay and are just kind of assholes
382;Alternate Jusenkyo Curses
383;Magical Girls
384;Norse Mythology - Freeform
385;Ginzuishou
386;Otaku Senshi
387;Diary/Journal
388;Alternate Universe - Parents
389;Running Away
390;#BlameTheodore
391;Naru Osaka is not a Senshi though
392;a trickster a princess a gender-flipping martial artist and a reploid walk into a bar
393;expect infrequent updates though…
394;played for laughs
395;Kinda op Ranma
396;Powerful!Ranma
397;English
398;First Kiss
399;Meet-Cute
400;Awkward Kissing
401;Rough Kissing
402;there's a little homophobic rhetoric if that bothers anyone
403;College AU
404;Kidnapping
405;Prophecy
406;Community: wip_amnesty
407;Canon Het Relationship
408;Frenemies
409;Photography
410;Family Drama
411;Futa
412;Relationship Problems
413;Loss of Identity
414;its not explicitly mentioned but its there
415;Drunk Sex
416;Kasumi is a precious cinnamon bun
417;Emotional/Psychological Abuse
418;Lust
419;getting drunk
420;tricking
421;gender switch
422;Multiple Orgasms
423;Bittersweet Ending
424;Wall Sex
425;belatedly realizing ryoga has a U in it
426;moresome
427;OMG Ancient-fic
428;i swear all of these make sense in context
429;also I literally FORGOT Gosunkugi's name while listing the characters
430;Not Exactly a Body Swap
431;Sexual Humor
432;Crush to love
433;Do Not Take Seriously
434;Heartbreaking
435;Heartwrenching
436;references to mangas
437;fears of transphobia
438;Curse Breaking
439;Loneliness
440;Kasumi is a mama bear
441;Slighty Succubus-ed Ranma
442;Mind Games
443;Original Character Death(s)
444;Rivalry
445;Immortals
446;Pain
447;references
448;mousse is a member of Team Hot Mess
449;Pheromones
450;Vignette
451;People with disabilities being awesome
452;Body Modification
453;Road Trip
454;Another Fiancee
455;love and stuff
456;they’re a pair of doofuses who don’t communicate
457;Ranma shares body with spirit of Saiyan woman who drowned in Jusenkyo pool he fell into
458;Sparring
459;Turning Thirty
460;Soun and Genma are to blame for everything
461;Akane barely features
462;Meddling Happosai
463;Nabiki is a flirt
464;Non-Sexual Kink
465;Cat's perspective
466;Neko-ken
467;Magic Swords
468;liberal use of canon
469;Literal Sleeping Together
470;self - Freeform
471;Gentle Sex
472;Making Love
473;Passion
474;Best Friends
475;Normal Life
476;Bromance
477;Bubble Bath
478;ymmv
479;cervix
480;cervical massage
481;cervical rubbing
482;Light-Hearted
483;Neurodiversity
484;no one is a girl this time
485;Twins
486;cat shenanigans
487;hazmat
488;These Vamps do NOT sparkle in the sun!
489;Lost Love
490;Wilderness
491;Maps
492;ressurection
493;Non-Traditional Alpha/Beta/Omega Dynamics
494;Watersports
495;Trans Female Konatsu
496;Intimacy
497;Sarashi
498;Non-Binary Ranma Saotome
499;fighting over food
500;bathroom policing is stupid
501;Soulmates
502;Aged-Up Characters
503;Pride and Prejudice References
504;Gold Digger cameo
505;Sleepovers
506;Microfic
507;porn shoot
508;lots of flashbacks
509;Does not contain Shampoo-bashing
510;full body cat tongue
511;Foursome - F/F/F/M (in Pokegirls omakes)
512;Ranma becomes a Demon Lord
513;confused bi Akane
514;Bottom Mousse
515;like Conan canonically does those so I figure I’m good to do my own
516;kid from the future
517;Orcs
518;or two
519;but also a disaster at romance
520;Ranma has some issues to work out
521;snacks
522;a rare appearance from Aoko’s mother
523;Blood Loss
524;Reverse role AU
525;Consensual Kink
526;slaps fic
527;Camping
528;catastrophizing
529;Ryouga is a boob guy
530;Anime Levels of Shenannigans
531;probably going to be more risqué than most stuff I write
532;the tags spoil things
533;deadnaming cw
534;Ryouga needs a friend
535;Sassy Akane Tendo
536;all characters are adults
537;Sleep Sex
538;Lots of kissing
539;I'll be honest I started writing this
540;Repressed Memories
541;A new cure for the curse
542;school fic
543;Ranma you actually need to pay attention in classes!
544;Spirit World
545;McLintock! references
546;trans female tatewaki kuno
547;Public Humiliation
548;living Mrs Tendo
549;Nonbinary Saotome Ranma
550;Why Did I Write This?
551;older versions
552;Kitchen Nightmare
553;Summer Romance
554;New Year's Fluff
555;Changing Tenses
556;Life kinda sucks right now I'm leaning into the fluff thing hard
557;Too Fluffy For Smut
558;craft
559;Minor Saotome Ranma/Tendou Akane
560;Quickies
561;Be Kind (Cries Softly)
562;If you put it somewhere else makes sure to wash up after. Not kidding.
563;GojoHime is canon compliant and I will fight anyone who disagrees
564;Made a ship out of nothing but a few popsicle sticks and a thrown green tea
565;Forced Pregnancy
566;Sister-Sister Relationship
567;Unrequited Crush
568;Angels
569;Goddess
570;girl idk
571;Two Characters having the Same Cursed Form
572;Tags Contain Spoilers
573;Good
574;Akane bashing
575;Tags will be updated as I get an idea of what I'm actually doing with this story
576;but it does not work on Ranma
577;Retelling
578;Ranma and Akane are getting their shit together in the background
579;wendy has little Ran as bro/sis
580;references to other fandoms - Freeform
581;Subtle and not-so-subtle references to my favorite Ranma fics
582;Existential Crisis
583;deadnaming
584;MPD
585;Confrontation
586;"based on ""ranma and the evil within"""
587;Rivals
588;aka bad parents
589;spirit realm
590;Doggy Style
591;Temporary Ranma-chan
592;So basically typical Ranma ½ antics
593;Case Fic
594;POV Multiple
595;Ragnarok
596;five things fic
597;Ranma's life kind of sucks
598;cuckold
599;butchering of manga & anime timelines
600;Fight Club - Freeform
601;Imagination
602;#romance
603;gender euphoria
604;Nendo-kata
605;Rakugo
606;Minor Characters added here
607;Cameos from Gravity Falls characters
608;Gay and Gay and Gay
609;Vines
610;playing loose with canon timeline
611;Crossover
612;Has no relation to and will never feature Homestuck
613;Abandoned Work - Unfinished and Discontinued
614;Jusenkyo (Ranma 1/2)
615;AR
616;Drama
617;Romance
618;Fluff and Angst
619;Reader-Insert
620;Family
621;Originally Posted on FanFiction.Net
622;Kunou Kodachi Redemption Arc
623;Yaoi
624;Fictober 2018
625;Original Character(s)
626;romantic
627;Ryoga enrabietado
628;unnecessary sufferings of Zuko
629;a loooooooot of fluff and less than a pinch of angst
630;Weddings
631;Futanari
632;Earthrealm (Mortal Kombat)
633;Gender or Sex Swap
634;Gender Identity
635;Ranma Can Throw Down With A Diamond And Likely Will
636;Alternate Universe - Wings
637;Blindfolds
638;blowjob
639;Trans Character
640;Histoire Libre
641;Character Death
642;Action
643;And Much More - Freeform
644;Read the warnings
645;Each Scene With Individual Warnings
646;Attempted Seduction
647;Major Character Injury
648;Future
649;Saiyan Culture
650;Trust
651;Brother-Sister Relationships
652;Telekinesis
653;Autistic
654;Feminization
655;Corruption
656;POV First Person
657;Rewrite
658;Canon Trans Character
659;Alternate Universe - Canon
660;Transformation
661;Jusendo
662;Alpha/Omega
663;Español
664;Hechizo de amor
665;falsa prometida
666;Baking
667;Demigod on Both Sides
668;Locked Jusenkyo Curses (Ranma 1/2)
669;Mermaid flesh
670;porque sus ex prometidas pueden tirar a matar
671;y no gracias
672;Puede que si Ranma no se hubiese casado con Iemitsu
673;Weird quirks
674;Shooting Canon out of a Cannon
675;mentions of Off-screen Character Death
676;feel free to adopt an idea
677;really old story
678;Alternate Universe - Power Rangers
679;Voyeurism
680;Strap-Ons
681;Woman on Top
682;Sentence of Porn
683;Gender Dysphoria
684;Everyone Is Gay
685;BDSM
686;Challenge Response
687;and sexy
688;Agender Character
689;Genderfluid Tsukino Usagi
690;Character Bashing
691;transfer student
692;Genderfluid Nick Hoult
693;trapalhas
694;Abandono infantil implícito
695;otherwise it will take forever
696;there will be annotations
697;The Force
698;Cooking
699;Tragedy/Comedy
700;Eventual Threesome
701;Rating mught go up eventually
702;I enjoy some of those but RPGs aren't the only kind of game out there
703;Alpha Ukyo
704;Beta Akane
705;Minor Violence
706;Boarding School
707;messy relationships
708;Wedding Night
709;Genderfluid
710;Useless Lesbians
711;Gloryhole
712;Beach Holidays
713;Angry Ranting
714;Handcuffs
715;Bathroom Sex
716;Cowgirl Position
717;Questioning
718;Porn
719;Blood
720;Cameos from Stop! Hibari-kun!!
721;Trans Female Genma Saotome
722;Alternate Universe - Coffee Shops & Cafés
723;Like really slow
724;forcing himself to like others
725;Oral Fixation
726;Comfort/Angst
727;Feels
728;Permanent Curse Effects
729;Arguing
730;Mythology References
731;Shout-outs
732;Multiverse
733;Alt-forms
734;This is a Real Story with Loads of SMUT
735;1980s Power Pop and Pop Punk
736;Double Drabble
737;Magical Boys
738;Bondage Mummy vs. Tentacle Minotaur
739;Happousai Is Blasting Off Again
740;Alternate Universe - Crack
741;Akane getting to kick some ass for a change
742;Funny
743;Plot Twists
744;Butt Plugs
745;Brain Break
746;Male-Female Friendship
747;Teenage Drama
748;Reindeer
749;female!ranma and ryoga
750;Accidental Lesbianism
751;Animal Metaphors
752;Naked Cuddling
753;20 year old fics
754;Excessive Drinking
755;so 80s
756;do not copy to another site
757;annoying songs
758;Gender Fluid Character
759;guys the lesbianism of ranma/akane......
760;Interruptions Abound
761;Cock Tail
762;Alternate Dimension
763;significant alcohol consumption
764;Early Work
765;Sci-Fi
766;Shampoo just wants to sleep
767;not vegan friendly recipes...
768;Weirdness
769;Enemies to Friends to Lovers
770;Male Homosexuality
771;just fluff
772;probable happy ending for everyone
773;Amazon!Ranma
774;vampire
775;Warm and Fuzzy Feelings
776;Survival
777;lost in the wilderness
778;Self Sacrifice
779;Leopard
780;Neck Kissing
781;Rating May Change
782;Guilty Pleasures
783;Mating Cycles/In Heat
784;Timeline What Timeline
785;Joyful
786;Oh God Yes
787;Belly Kissing
788;Sparkles
789;ultrasound
790;pain relief
791;New Year's Eve
792;Acts of Kindness
793;What Have I Done
794;Crushes
795;Non-binary character
796;more tags to come when there are more people in the story
797;i rewrote cause i didn't like the old one and wanted to change the second chapter so here ya go
798;Alternative Perspective
799;Physical Abuse
800;Straight Sex
801;Trans Girl Hibiki Ryouga
802;Biohazard
803;OC
804;selflessness
805;Sick Character
806;Danger
807;Size Difference
808;ranma just wants love
809;Dry Humping
810;Rarepair
811;Goddesses
812;lots of ships hinted
813;Transitioning
814;very little angst
815;and closets!
816;I just wanted to see how much crazy manga-antics I could fit into a one-shot
817;Nudity
818;ryoga - Freeform
819;Physical Restraint
820;Pinning Techniques
821;Body Image
822;i have charts
823;Vampire Sex
824;Half-Vampires
825;Redemption
826;mental issues
827;They can't keep their hands off each other XD
828;Large Penis
829;Public Masturbation
830;RARA Squad
831;Polyamory (in Pokegirls omakes)
832;little bit of smuttiness at the end
833;Family Dynamics
834;May/December Romance
835;Netorare
836;Coercion
837;Armpit Kink
838;I’m still not sure about what secondary ships I’m going with...
839;well this is going to be stupid
840;Dungeons and Dragons
841;Forced Crossdressing
842;Autistic Tendou Kasumi
843;Alternate Universe - Domestic
844;just a fun passion project directly inspired by lineith from tumblr
845;minor crossover elements: Stop!! Hibari-Kun!
846;light homophobic teasing
847;small tent
848;Domesticity
849;but those are the main ones - Freeform
850;but some family bonding too
851;real talk
852;Ranma has had enough
853;He's totally smitten
854;at least to Kodachi
855;Cis people experiencing gender dysphoria
856;No beta we die like Mama Tendo
857;because I wondered how the story would go if I put 1 sane person in
858;Probably why he's a panda but he's a disgrace to even lump him with them
859;period typical psychology language
860;Supportive Parent
861;Nodoka's family
862;Unresolved Romantic Tension
863;Genma faces consequences
864;Mercenary Saotome Ranma
865;Alcohol
866;Communication
867;Aki Tendo
868;Queer Character
869;It's hard to make this thing queer friendly I mean have you seen the original?
870;Arcobaleno Curse (Katekyou Hitman Reborn!)
871;Japanese
872;Shopping
873;Dialogue Heavy
874;Dream Sex
875;Pirates
876;Beta Wanted
877;Y'all are just heathens who like instant gratification
878;Ukyo Kyonji will mess your shit up
879;Recovery
880;Ranma is in their mid 20s
881;Genma dies before everything starts
882;Trippy Dream Bullshit
883;Wishes
884;Fountain of Youth
885;Naked Ranma
886;Ryoga has done a very bad thing
887;Catboys & Catgirls
888;Paralysis
889;Goddess!Ranma
890;Jorōgumo
891;Street Racing
892;no betas we die like mama tendo
893;Saotome Ranma & the Tendou Sisters solidarity
894;trans Kuonji Ukyou
895;emotional maybe
896;parent
897;Cannon-Typical amounts of property damage
898;Realising you're a girl does not solve all of your problems sadly
899;Shampoo copies Aeka (using the Japanese spelling here)
900;Secrets
901;The product of
902;whoops who dropped all these feelings in chapter five
903;They/Them Pronouns for Ranma
904;real life politics
905;Kasumi being a good sister
906;these characters are my friends and I want them to be happy
907;Belly Kink
908;Things are about to get complicated
909;I thought it was hilarious
910;The Ranma/Shampoo is only onesided
911;Triggers
912;Love Triangle
913;Neko-Shampoo
914;Vampire!Ranma
915;some weird pee activity idek
916;Merged Continuities
917;Death Fic
918;modern day AU
919;comedy & angst
920;improvising
921;Klein is a Bro
922;Queer Characters
923;Alternate Universe - Porn
924;Chastity Device
925;Multiple Partners
926;Mutant Ranma
927;Borderline crack
928;Harry and Dudley Reconcile
929;Self-Indulgent
930;Discussions of Suicide
931;In-story Timeskip
932;Sex Machine
933;Ice Play
934;Genma doesn't survive a whole chapter
935;Species Swap
936;Multiple Crossovers
937;Alternate Universe - Magic
938;Alternate Universe - Science Fiction
939;I Wrote This Instead of Helping Renovate My House
940;Christmas Fluff
941;Prejudice
942;Amnesia
943;wtf?
944;Double Pregnancy
945;Transphobia
946;Developing Relationship
947;Science Fiction & Fantasy
948;Canon Disabled Character
949;Bruce adopted Cassandra
950;Editor is unfamiliar with the other half
951;Author is not that familiar with half the source material
952;more for Seven Realms than Ranma
953;Comedy
954;Hypnotism
955;secret kiss
956;PWP
957;Genderbending
958;Yuri
959;universidad
960;Mother-Daughter Relationship
961;I have a cosmology
962;Suicidal Thoughts
963;ranma - Freeform
964;ranma saotome - Freeform
965;Ranma and fem!Ranma are twin siblings in this au
966;зуко копается в себе
967;Being Lost
968;Lemon
969;Gods
970;Titans
971;Old Fic
972;Akane is Zoro's Mum
973;getting bent
974;Trans Saotome Ranma
975;Knifeplay
976;Body Paint
977;Girl Penis
978;Alternate Universe - Persona Fusion
979;Incest
980;China
981;Infidelity
982;Gamer Everybody
983;Immortal Saotome Ranma
984;Nuevos inicios
985;Implied/Referenced Child Abuse
986;Podfic Welcome
987;Quirk Kink (My Hero Academia)
988;Urashima is an Idiot
989;Autism
990;Public Sex
991;Sexual Tension
992;Old Age
993;Kansas
994;Second Curse
995;Amor - Freeform
996;UPG plus half-arsed research equals headcanons
997;if you're confused don't worry so are they
998;OTPisms Prompt Fill
999;Spirit Apparition
1000;Post-Third Impact
1001;mpreg kinda?
1002;not for all ages
1003;okay... might be if you ask
1004;and Nomu
1005;Hot Chocolate
1006;Dildos
1007;Kurozuishou
1008;And other anime characters
1009;Ranma as a Sailor Senshi
1010;Ficlet Collection
1011;It's a Giri AU so obviously Genma is dead at the beginning
1012;space
1013;Humor from depressing situations because I'm a Jewish bitch
1014;Original Animal Advisor
1015;Gamer Tendou Akane
1016;trans girl character
1017;Alpha Kuno
1018;Aftercare
1019;Mutual Masturbation
1020;Porn with Feelings
1021;Declarations Of Love
1022;Shameless Smut
1023;dojo sex
1024;Rare Pairings
1025;Stupid premise taken and run with
1026;repost
1027;Attempted Rape/Non-Con
1028;True Love
1029;Rats
1030;Martial Arts Geometry
1031;Rape Recovery
1032;Cyberpunk
1033;Simulation Hypothesis
1034;Submissive Ranma
1035;Sibling Rivalry
1036;Cute cat
1037;Slavery
1038;Femslash
1039;Non-Consensual Drug Use
1040;post story
1041;Ukyo - Freeform
1042;Strap-On
1043;Ranma Femslash Week
1044;Mild Smut
1045;AU of another AU
1046;Licking
1047;Stripping
1048;Armpit fetish
1049;Childhood Trauma
1050;Child Neglect
1051;Hurt
1052;Kuno has a heart
1053;idk even where this takes place they just are
1054;please read and review I'm lonely
1055;Alternate Universe - Twins
1056;Jumpchain - Freeform
1057;Rating: NSFW/Mature/NC17
1058;Shopping Malls
1059;may rot teeth
1060;or in this case doesn't change
1061;Flushed Romance | Matesprits
1062;A little angst
1063;trans lesbians
1064;Español | Spanish
1065;nudging canon just a little
1066;Pigs
1067;Christmas Eve
1068;Nerima is flooded
1069;Mystery Character(s)
1070;Homosexuality
1071;Backstory
1072;Cliffhangers
1073;old fic is old
1074;Alternate Universe - Romantic Comedy
1075;Bad French
1076;this touches on sex-pollen / heat / dubcon things but there's not gonna be any sex
1077;neko ken
1078;Non-Consensual Groping
1079;Dim Sum
1080;Traumatic Memory
1081;Mister Ajikko is so gay
1082;Reversable Couple
1083;oh speaking of
1084;Post-Conan Kudou Shinichi
1085;Unreliable Narrator
1086;for good measure
1087;12 years post canon
1088;Bullying
1089;Saotome Nodoka is Yamcha's (Dragon Ball) younger sister
1090;Aging
1091;growing and learning
1092;Cute
1093;Community: 1sentence
1094;Past Character Death
1095;Adolescent Sexuality
1096;Implied/Referenced Character Death
1097;Starting Over
1098;Character Development
1099;Sushi
1100;Stargazing
1101;Ducks
1102;Shipping
1103;Duck - Freeform
1104;homeward bound
1105;porcupine - Freeform
1106;Risk Aware Consensual Kink
1107;lovemaking
1108;Breastfeeding
1109;Impregnation
1110;Belly Rubs
1111;Simultaneous Orgasm
1112;Adorkable
1113;Prolactin
1114;That's Amore
1115;Supportive circle
1116;Community: crossovers100
1117;The Livejournal exodus
1118;Black Character(s)
1119;Queer Angst
1120;Psychosis
1121;Threesome - F/F/F
1122;Gender Confusion
1123;Male Chauvinism
1124;A weakening agent so strong it brings Ranma to his knees
1125;Vampire falls for a mortal
1126;Illnesses
1127;Pneumonia
1128;ranma finally gets a friend
1129;Mountains
1130;Forced Orgasm
1131;Voodoo
1132;Audio Format: MP3
1133;Yakuza
1134;awkward teens
1135;like geez
1136;poop humor
1137;Ryouga Still Has a Horrible Sense of Direction
1138;Secret World References
1139;the listed pairing is just one facet of the polycule
1140;Lots of Gay Shit Going On Here
1141;Paranormal
1142;Drug Use
1143;Wandering the World Ranma
1144;Brainwashing
1145;Sex Worker
1146;Loss and Grief
1147;Macros
1148;Massive Balls - Freeform
1149;both parties are in denial but for how long
1150;overly precocious children
1151;Mental Instability
1152;Potions
1153;Urination
1154;one bed trope
1155;Boys Being Boys
1156;Hypnosis
1157;Conan typical murders
1158;genderfluid Kaito
1159;and a pinch of some other canon implied romances
1160;Conan can be a bit of a jerk when you look at it from Ran’s perspective
1161;Kasumi just wants to help
1162;unintended innuendo
1163;Adults
1164;Attempted Murder
1165;i just have the pacings of a sloth
1166;Nonbinary Tendou Akane
1167;making the best of a horrible situation
1168;Sensitive Nipples
1169;Ranma switches bodies partway through the sex
1170;Kodachi Eliminates the Competition
1171;Loss
1172;earthquake cw
1173;Fixing the cringy parts of canon
1174;I started writing this fic in 2017 when I was 15 fyi
1175;Burn Notice - Freeform
1176;OT3
1177;Canon - Anime
1178;Sympathetic Kunou Tatewaki
1179;First work here lessgo!!
1180;Oh wait I forgot about Happosai
1181;Platonic Akane & Ranma
1182;Hellfire Club
1183;Sexuality Crisis
1184;Alternate Universe - Historical
1185;Shotacon
1186;Blindfold Sex
1187;Extremely Dubious Consent
1188;Trans Hibiki Ryouga
1189;Crack Treated Extremely Seriously
1190;Metaverse eye thingie (Persona 5)
1191;Time Cop
1192;Nabiki saves the day
1193;POV Alternating
1194;Not Really Sure How Any of this Works TBH
1195;Parenthood
1196;Armchair Therapy
1197;WTF Kombat 2022
1198;so this happened
1199;PSA: The ONLY orifice it’s safe to put fake whipped cream in is your mouth.
1200;Akane Tendo has put up with a lot
1201;Bisexual Male Character
1202;Magic Mirrors
1203;Break The Stoic
1204;Post-High School
1205;Alternative Timeline
1206;sorry ranma im about to put u through an emotional rollercoaster
1207;Ranma is forward and Akane is confused
1208;Misato Runs a Coffee Shop
1209;Covid-19 pandemic
1210;Roasted Sweet Potatoes
1211;Come Swallowing
1212;sorry for terrible title
1213;Second Chances
1214;Canon Bisexual Character
1215;Warning: Genma attacks Ranma but Ranma ultimately wins
1216;Saotome Ranma speaks a little Chinese
1217;well semi-reliable maybe
1218;Slight OOC
1219;Seriously Fuck Genma
1220;but not between Ranma and Akane
1221;Strong Female Characters
1222;Not beta read we die like Genma when i'm done with him
1223;New Dragon
1224;Personal Growth
1225;Shampoo takes a bath
1226;Mentions of shampoo
1227;Stuffing
1228;Clothes Bursting
1229;Please Don't Hate Me
1230;who let me write this?
1231;The Sanzo-ikkou discover Jusenkyo
1232;happosai being stupid
1233;becoming nonhuman
1234;Cure
1235;only really at the end though
1236;poor sense of direction
1237;the saotome and tendo school for A+ parenting
1238;Alternate Universe - Vampire
1239;Also I am sorry for the title
1240;Reality Bending
1241;Spoof
1242;Crack Fic
1243;Crack Pairing
1244;Fanvids
1245;Suggestive Themes
1246;#estoesuninfiernodeimagenes
1247;Gems using Ki
1248;Angel!Nodoka
1249;Implied/Referenced Sexual Assault
1250;Bestiality
1251;Chibi-Puppets
1252;Cartoon Physics
1253;Trans rights
1254;Jusenkyo Curse shenanigans
1255;Ranma is trans and deeeeeep in the closet
1256;Post-Reichenbach
1257;Catlock
1258;Not Season/Series 03 Compliant
1259;Alternate Universe - Mutants
1260;Betrayal
1261;Alternate Universe - Superheroes/Superpowers
1262;Detectives
1263;Alternate Universe - Ranma 1/2 Fusion
1264;Nonbinary Character
1265;Protective Bakugou Katsuki
1266;Murder
1267;Established Relationship
1268;Fluff
1269;Self-Insert
1270;Vomiting
1271;Flirting
1272;Chatting & Messaging
1273;Apocalypse
1274;Flash Fic
1275;One-Sided Attraction
1276;WAFF
1277;fanday 2015
1278;Action/Adventure
1279;Reincarnation
1280;no really!
1281;Implied/Referenced Suicide
1282;Minor Ranma/Akane
1283;Гари-центрик
1284;Parental Yagi Toshinori | All Might
1285;Bakugou Katsuki Faces Consequences
1286;Book 7: Harry Potter and the Deathly Hallows
1287;Police
1288;Superheroes
1289;Fourth Wall
1290;(please indulge me)
1291;Author Reacts to Characters
1292;Sanji's got issues
1293;Good Parent Greg Universe
1294;Rape
1295;Fake Cards
1296;Starvation
1297;Human Experimentation
1298;Fantasy
1299;No Romance
1300;Lies
1301;Be Careful What You Wish For
1302;Shepard is Ranma's descendant
1303;Translation
1304;Water
1305;Love Confessions
1306;Carpets Match the Drapes
1307;in labor
1308;Autistic Girl
1309;Female Pilot - Freeform
1310;Female Ejaculation
1311;Forced Feminization
1312;for stormlight not for ranma
1313;Ninja
1314;Masturbation
1315;Hybrid!Ranma
1316;LMAO
1317;friends - Freeform
1318;cambios
1319;SpideyPool could be read as Gen if you want
1320;Fluff and Smut
1321;BAMF Tendo Kasumi
1322;Iemitsu es un idiota enamorado pero un idiota
1323;está muy bien así
1324;Pedophilia
1325;Drawing inspiration from many places
1326;my mind is a Scary place at 2:45 am
1327;Alternate Universe - Ninjas
1328;Community: kink_bingo
1329;Tickling
1330;Double Penetration
1331;1 Sentence Fiction
1332;Non-Consensual Tickling
1333;supernatural bureaucracy
1334;Martial Arts Sex Comedy
1335;Accidental Marriage
1336;Alternate Universe - Children
1337;Katarina's pov
1338;Mutual Asphyxiation
1339;Ranma is chibusa's parent
1340;Side Story
1341;Period-Typical Transphobia
1342;Video Game Mechanics
1343;Sailor Senshi - Freeform
1344;Persona 5 Protagonist is a Little Shit
1345;except for that guy that played Tobi
1346;Attempted Kidnapping
1347;Dragons
1348;Bisexual Saotome Ranma
1349;Screenplay/Script Format
1350;Made with the Ranma/Sailor Moon crossover generator
1351;The League of Evil Fiancées
1352;it works
1353;Beta Mousse
1354;Semi-Public Sex
1355;ranko
1356;Explicit Language
1357;Porny Plot
1358;Set in America
1359;trans!akane
1360;Future Fic
1361;genderbender
1362;Trans Girl Ranma
1363;Seduction
1364;Wake-Up Sex
1365;Cunnilingus
1366;Crack Relationships
1367;Reluctant
1368;Genderqueer Character
1369;Nice Demons
1370;Non binary Ranma
1371;Bondage and Discipline
1372;character vignette
1373;LGBTQ Themes
1374;Panties
1375;Attempted Sexual Assault
1376;Alternate Curse
1377;Nonbinary Ranma
1378;Acceptance
1379;Cursed and Cursing are both involved
1380;Abuse
1381;Sex Slave
1382;toe sucking
1383;Comfort
1384;Bisexual Character
1385;Angst and Romance
1386;Ambiguous/Open Ending
1387;duels
1388;I have too many AU ideas
1389;G!P
1390;harmless fluff
1391;Satsuki Blinds An Entire School
1392;Secret Japanese/Chinese Gnome Enclave
1393;Deepthroating
1394;Dirty Talk
1395;very loosely implied caregiver/little play
1396;Christmas
1397;Karaoke
1398;Socialism
1399;Bisexual Akane and Ranma
1400;Attempt at Humor
1401;Female Friendship
1402;Male Friendship
1403;Ranma has many moments
1404;Business
1405;Ryoga wants to marry and have Akane's kids
1406;Arranged Marriages
1407;Mild Blood
1408;Final Battle
1409;Post-Wedding
1410;Shotgun Wedding
1411;Adoption
1412;Food Metaphors
1413;Dream World
1414;best rivals
1415;Honeymoon
1416;Socal
1417;A fantasy epic
1418;Real world to magic world
1419;Gang Rape
1420;Mourning
1421;Death of a Parent
1422;younger au
1423;Drunk driving reference
1424;Ranma’s sort of got anxiety now... too much pressure
1425;Ranma Saotome Does What He Wants (Ranma 1/2)
1426;many ingredients mentioned
1427;school principal for the win
1428;Songfic
1429;Mentor/Protégé
1430;Poverty
1431;more tags to come and i may change the title (shrugging emoticon)
1432;knee high socks
1433;shimapan
1434;i've been sitting on this for so long i just want to throw it out into the wild now
1435;Jiangshi
1436;Akane is Not Impressed
1437;I Wrote This Instead of Sleeping
1438;Near Death Experiences
1439;Cat Puns
1440;cliffs
1441;Gentle Kissing
1442;Lady and the Tramp (1955) References
1443;Realization
1444;Leaving on a jet plane
1445;Doctor/Patient
1446;Milk
1447;One Big Happy Family
1448;Premature Birth
1449;real men
1450;Cervical Orgasm
1451;Dancing Lessons
1452;magical evening
1453;Volcanoes
1454;Ridiculous
1455;SpongeBob SquarePants References
1456;Bodily Fluids
1457;Plural Angst
1458;Implied/Referenced Underage Prostitution
1459;post-martial handholding
1460;Bi Akane
1461;Gender Roles
1462;Jusenkyo Cursed Tendou Akane
1463;Choices
1464;Finding Family Through a Long Lost Journal
1465;Sad and Happy
1466;Shippy
1467;Treacherous Journey
1468;Gambling
1469;Poison
1470;I'll leave it ambiguous who he is writing to
1471;Ryouga gets lost a lot
1472;Pre-Relationship
1473;Audio Format: Streaming
1474;Podfic Length: 10-20 Minutes
1475;Trans Male Tofuu Ono
1476;Murder Mystery
1477;AFAB Ranma
1478;but not confirming any
1479;poo - Freeform
1480;bathroom is full
1481;shonen dump
1482;Past Child Abuse
1483;coffee shop AU
1484;Ryoga tired
1485;standalone sequel
1486;BO threatening people
1487;Genocide
1488;Ranma becomes a God
1489;akane is a disaster lesbian
1490;Aphrodisiacs
1491;Pubic Hair
1492;Priorities right?
1493;Top Ranma
1494;two Dicks
1495;ALL THE GOOD STUFF
1496;Responsibility
1497;Mind Controll
1498;Alternate Canon
1499;Anxiety Attacks
1500;Sex in the Dark
1501;Ryouga is also just a nipple guy generally
1502;Rigged Contest
1503;trapped together
1504;Look I really just wanted to write cute kissing scenes OK
1505;misgendering cw
1506;so it's a lil rough at the beginning but its my baby
1507;Silly supernatural shenangians
1508;sometimes an egg needs just the right touch to crack
1509;Roleswap
1510;basically rumiko's characters dealing with sunrise's mistakes
1511;a little humor
1512;Post-White Collar
1513;This is probably the bleakest thing I've ever written
1514;Ukyou is a good sport
1515;Oblivious
1516;Cuckolding
1517;Fucked Stupid
1518;A new technique for Ryoga
1519;Who needs proofreaders
1520;Welcome to daily life as a girl Ranma!
1521;Ranma tries to write in a journal
1522;Genma and Soun being themselves
1523;Babysitting
1524;Genma tries his best for once
1525;alternate universe - senki zesshou symphogear fusion
1526;They’re trying to communicate
1527;Bisexual Disasters
1528;Fon is Ranma cousin as well
1529;Mist Oozora Hibari
1530;Rain Nodoka Hibari(Saotome)
1531;Sexual exploration
1532;Party
1533;Light Romance
1534;Talking
1535;Sexuality
1536;Tsunderes
1537;Sleep fighting
1538;Your OTP Grew Up
1539;Bead Embroidery
1540;Fix-It
1541;Light Sadism
1542;Hori Kyoko scares Miyamura Izumi a little and he likes it
1543;Turns out I like instant gratification too
1544;Pining
1545;Misandry
1546;Two Shot
1547;Ranma and Souma is related
1548;Suicide
1549;Demon
1550;Inheritance
1551;Racing
1552;Alternate Universe - Modern: Still Have Powers
1553;Mentioned Saionji Ukyou
1554;Alternate Universe - High School
1555;im just working off other fanfics and Vibes
1556;April Showers Challenge
1557;Happosai is only in it to be erased from existance
1558;No beta because I don't want to have to think about this for any longer than neccessary
1559;Although technically off-screen
1560;with Akane being cucked but its not a focus
1561;Reader Surrogate
1562;Ensemble Cast
1563;Period-Typical Everything
1564;Dream Fuckery
1565;Time Loop
1566;Hunger Games
1567;Druid!Ranma
1568;skirt go spinny
1569;Summer Vacation
1570;1000-5000 Words
1571;body switching
1572;Eventual Relationships
1573;Sex in food
1574;Jusendo recovery
1575;Doomed Timelines
1576;Unconventional martial arts duel
1577;bet
1578;Fridge Horror
1579;InuRan
1580;Ryoga recibe una buena lección
1581;Companionable Snark
1582;Queer Themes galore
1583;Powerful!Kasumi
1584;Hybrids
1585;Cosplay
1586;Mad Science
1587;plural Maya Fey
1588;Possible Implied PTSD - Post-Traumatic Stress Disorder
1589;Good Parent Midoriya Inko
1590;fun with pronouns
1591;shopping montage
1592;Frank discussions of trauma
1593;Specifically the seppuku pledge
1594;thirsting over buff women
1595;Slime
1596;Alternate Universe - Avatar & Benders Setting
1597;Strip Tease
1598;Alien Technology
1599;Additional Tags to Be Added
1600;Creature!Ranma
1601;Ebra Crypt
1602;Pastiche
1603;Professional Wrestling moves
1604;Readjusting to the Normal World
1605;First Dance
1606;very very gay
1607;Female Danny
1608;cursed springs
1609;References to several other anime
1610;Inspired by Anime
1611;tags added as needed
1612;Crossover with damn near everything under the sun
1613;Giants
1614;Gay Male Character
1615;Canon-Typical Behavior
1616;Complicated Relationships
1617;Sex
1618;danganronpa - Freeform
1619;Really old...
1620;Fourth Wall Breaking
1621;Bad Flirting
1622;Iroh is a better influence than Genma
1623;Canon-Typical Violence
1624;Alternate Universe - Gender Changes
1625;Romantic Fluff
1626;Hurt/Comfort
1627;69 (Sex Position)
1628;Escuela
1629;Modo Neko - Ken
1630;Angstruary
1631;fantasías
1632;Weird hybrid world between Naruto and Pokemon!
1633;Spanking
1634;я не думаю что меня нельзя за это простить
1635;Bakugou Katsuki Swears A Lot
1636;Capricious gods
1637;Orgy
1638;Alternate Universe - Evil
1639;body issues
1640;Jusenkyo Springs
1641;Ryouga is Zoro's Uncle
1642;Intersex
1643;Rough Sex
1644;Consensual Possession
1645;Multiplicity/Plurality
1646;Transformers as Humans
1647;Continuation
1648;Dangan Ronpa Spoilers
1649;Alternate Universe - Fusion
1650;Jusenkyo Curse
1651;Also I totally mess with timelines
1652;Also Includes Gender Bending
1653;CALL THE MIDWIFE!
1654;Original Character-centric
1655;Hand Jobs
1656;Sex Toys
1657;Dominatrix
1658;Second-Hand Embarrassment
1659;Iceland
1660;Highlander Immortals
1661;Player Character (Astral Chain) is named Misaki
1662;Demons
1663;somehow morphed into an odd mix of crack treated seriously and character studies
1664;Mature Saotome Ranma
1665;Horror
1666;Slow Build
1667;Explicit Sexual Content
1668;New Years
1669;Tsuna y Artes marciales
1670;Book 1: Harry Potter and the Philosopher's Stone
1671;Stardew
1672;Not Canon Compliant
1673;Vaginal Fingering
1674;Twitter Fic prompt
1675;Non-Consensual Spanking
1676;90's anime
1677;Alien Sex
1678;Aliens
1679;Evil Twins
1680;Agender Aino Minako
1681;Sailor chaos - Freeform
1682;Basically YAHF but Ranma
1683;Trans Female Hibiki Ryouga
1684;Shadow Operatives
1685;it was all Theodore's fault
1686;the bartender says what is my life
1687;I have meta
1688;Bisexuality
1689;Pre-Canon
1690;Happousai being Happousai
1691;Game Dev Mother
1692;Omega Kadachi
1693;Omega Shampoo
1694;Complete
1695;and per usual there's more dirty talk than actual dirty deeds...sorry
1696;Epistolary
1697;Implied Sexual Content
1698;Unresolved Sexual Tension
1699;Introspection
1700;Halloween
1701;Canon - Manga
1702;Age-Up
1703;genderbent
1704;Akane accept it
1705;Canon Compliant
1706;Maybe a little angst
1707;Shibari
1708;Autoerotic Asphyxiation
1709;arm binders
1710;Canon Genderbending
1711;Movie Night
1712;Valentine's Day Fluff
1713;we post unedited fanfic like men
1714;The love triangle doesn't officially start until we're 20+ chapters into this thing
1715;Japanese Culture
1716;Character Study
1717;Girls Kissing
1718;Impregnating
1719;muscle fetish
1720;sweat fetish
1721;Parent-Child Relationship
1722;Don't Examine This Too Closely
1723;but in a funny way
1724;Surprise Ending
1725;Fluff(?)
1726;Mutual Pining
1727;Oops
1728;smut in later chapters
1729;Action & Romance
1730;shifting reality
1731;Slut Life
1732;Expect it to be LONG
1733;Expect the Naughtiness
1734;mall cops - Freeform
1735;Hats that Play Beethoven
1736;Children
1737;Polyamory Negotiations
1738;Sexual Roleplay
1739;Lolita
1740;Ranma 1/2 Secret Santa Exchange 2018
1741;Japanese Christmas
1742;training/camping
1743;The Ultimate Shi Shi Hokodan
1744;Epic Battles
1745;Serious Injuries
1746;Brutality
1747;Fist Fights
1748;Shounen Fights
1749;Mind Swap
1750;Catgirls
1751;Domination
1752;Wet Dream
1753;Bunny Girl
1754;Pegging
1755;Chromatic Source
1756;Chromatic Character
1757;Tentacles
1758;Retrotech
1759;ranma/akane - Freeform
1760;Also kind of violent
1761;Super Android 17 and Evil Shenron Sagas never happens so Goku and Dragon Balls are still around
1762;Midlife Crisis
1763;Knives
1764;split fic
1765;Friends With Benefits
1766;am i joking or not?
1767;look...they're so good
1768;Reunions
1769;the Amazons - Freeform
1770;I don’t think it’s enough blood to count as graphic violence
1771;Nature
1772;getting home
1773;ship of dreams
1774;Suspense
1775;fairytale
1776;Cat Hoodie
1777;Marriage
1778;Pregnant Sex
1779;Sexual Fantasy
1780;Christmas Special
1781;Nursing Kink
1782;Fluff without Plot
1783;Married Sex
1784;Senses
1785;I'm Not Ashamed
1786;Christmas Morning
1787;Moaning
1788;Sensual Play
1789;Christmas Caroling
1790;What Was I Thinking?
1791;Don't Judge Me
1792;lovestruck
1793;Playing with Canon
1794;Anything Goes Martial Arts Mental Gymnastics
1795;canon-atypical presence of hugs
1796;Alternate Universe - Pre-Canon
1797;merged character
1798;POV Lesbian Character
1799;rivalries
1800;Fire
1801;And a girlfriend who doesn't hit him
1802;She's not a pushover though
1803;Ranma. That's who
1804;Alternate Universe - Prostitution
1805;10 Things
1806;Random & Short
1807;Japanese Mythology & Folklore
1808;Touching
1809;BAMF Kasumi
1810;Post-Traumatic Stress Disorder - PTSD
1811;Open to Interpretation
1812;laxative
1813;Dominance
1814;Oni Kasumi
1815;this wouldn't be a manga story if they weren't hiding in a closet!
1816;Mental Breakdown
1817;It's just shrooms though
1818;Making Out
1819;Please read the Author's Note
1820;Familiars
1821;Necromancer Kazumi
1822;Pokegirls (in some omake)
1823;Underage Sex (in Pokegirls omakes)
1824;Unsympathetic interpretation of Ranma 1/2 canon
1825;christ Ranma just admit you like being a girl already
1826;Genma can not handle three children
1827;Nabiki knows what she wants
1828;Kimono
1829;Grief
1830;Kaito wants to be a gentleman but sometimes he’s a disaster
1831;okay maybe not getting enough sleep is a kind of hurt?? that's as far as it gets
1832;Period Typical Attitudes
1833;But like... a rough estimation.
1834;Alternate Jusenkyo Curse
1835;Casual Sex
1836;Deflowering
1837;Cuddling & Snuggling
1838;Healthy Relationships
1839;you want fluff? you got the fluff!
1840;quarantine fic
1841;Brief F/M
1842;Bi-Curiosity
1843;rumic crew
1844;ryouga has a huge crush on Ranma and has already gotten over his crisis
1845;of the internalized homophobia variety
1846;beauty pagent
1847;eventual transphobia and homophobia
1848;Transgender Saotome Ranma
1849;It's complicated but an explanation IS forthcoming
1850;Mind/Mood Altering Substances
1851;Isn't Confusion the Worst
1852;no being walked in on
1853;tagging is hard
1854;Soft Saotome Ranma
1855;existentialism?
1856;Body Writing
1857;Trolling Tendou Nabiki
1858;Alternate Universe - Slavery
1859;Pony Play
1860;how to tag?
1861;FUCK HAPPOSAI
1862;Fuck Genma I hate that sorry excuse for a person
1863;The romance gets complicated
1864;period typical terminology for queer identities
1865;food service
1866;Ryoga is found in the first...again!
1867;Ukyo and Ryoga
1868;Swordfighting
1869;Genma and Soun's Plans Backfire
1870;nude
1871;A bit of SM and Tenchi Muyo reference
1872;Sleep Groping
1873;Choking
1874;Trans Male Kunou Kodachi
1875;Trans Female Ryoga Hibiki
1876;Masturbation in Shower
1877;a giant polyamorous mess
1878;cursed Oozora Hibari
1879;Identity Reveal
1880;Idiots in Love
1881;Fireworks
1882;Director's Cut: Went from a One Shot to an Epic
1883;Just me? Oh well.
1884;Handmade
1885;silliness
1886;Drunkenness
1887;Possibly Unrequited Love
1888;Angry Kissing
1889;Rape Aftermath
1890;Hospitalization
1891;Medical
1892;Japanese Character(s)
1893;present
1894;University
1895;For Want of a Nail
1896;no happosai - Freeform
1897;Author Is Sleep Deprived
1898;Arrogance
1899;Ranma VS Ryoga in Dojo
1900;Ranma de-ages
1901;Trapped
1902;Eris - Freeform
1903;Personality Swap
1904;Genderfluid Kuonji Ukyou
1905;also canon blind as in 'hopefully understandable if you haven't read canon'
1906;Community: eastasianfandomgiftbag
1907;Beta read? never heard of her
1908;Slightly Netorare
1909;Shiatsu point
1910;Non-Consensual Kissing
1911;Female Characters Initiating Sexual Encounters
1912;Canon-Typical Chaos
1913;Hiking
1914;Dream Magic
1915;I'll add tags as we go
1916;Wife Speedrun
1917;Ranma is not Ranma
1918;Cock Warming
1919;Ukyo is the prize
1920;ranma fights for his life
1921;Phobias
1922;Unlikely Team Up
1923;150 cursed springs
1924;Yuletide 2008
1925;Why Does This Exist
1926;secret
1927;Pre-OT3
1928;implied bisexuality
1929;Rival Relationship
1930;conspiring
1931;nabiki's got them covered
1932;Contract
1933;Hiatus
1934;Dramedy
1935;episode coda
1936;Shassie
1937;Dark Humor
1938;Dark and Light
1939;duh - Freeform
1940;Unfinished
1941;Ranma is idiot
1942;But not too heavy on either
1943;Genderfluid Ukyo
1944;Ryoga has zero self-awareness
1945;Ranma is in love
1946;Social Media
1947;Alternate Universe - Restaurant
1948;#AU
1949;#noesperesmuchoplot
1950;#socialmedia
1951;Creature!Ukyo
1952;Pacifist!Ranma
1953;Pokegirls - Freeform
1954;Post-Canon Fix-It
1955;Break Up
1956;ocxcanon
1957;Magical Creatures
1958;Alternate Universe - Video Game World
1959;Canon - Video Game
1960;so much gay
1961;Winter Holiday fluff
1962;Specifically slapping
1963;Elemental Magic
1964;cursed ponds
1965;Alternate Universe - Werewolf
1966;characters being a bit meta
1967;In-Laws
1968;Other Additional Tags to Be Added
1969;Drama & Romance
1970;Crossovers & Fandom Fusions
1971;Parody
1972;Supernatural Elements
1973;Not Beta Read
1974;Community: 1sentencefic
1975;Very emebrassing
1976;Floating Timeline
1977;Dimension Travel
1978;Ranma is sam/osamu
1979;Emotional Hurt/Comfort
1980;doubledrabble
1981;pocky day
1982;Deporte
1983;Reencarnación?
1984;Violence
1985;Angst and Humor
1986;Song fic
1987;naruto - Freeform
1988;Corporal Punishment
1989;Bakugou Katsuki Redemption
1990;Yagi Toshinori | All Might is a Bad Teacher
1991;Let Midoriya Izuku Swear
1992;Magic
1993;Demon Sex
1994;Female Saotome Ranma
1995;Body Swap
1996;Master/Pet
1997;Zoofic
1998;Bukkake
1999;Shadows (Persona 4)
2000;The Velvet Room (Persona Series)
2001;Religious Imagery & Symbolism
2002;Arranged Marriage
2003;Drabble
2004;Minor Original Character(s)
2005;Suicidal Ideation Mention
2006;中文翻译
2007;Plot What Plot/Porn Without Plot
2008;Corazones rotos
2009;Plus Some Plot Bunnies and Crossovers
2010;Narusegawa has a Good Punch
2011;Young Love
2012;Trust Issues
2013;Autistic Female
2014;Rape/Non-con Elements
2015;Vaginal Sex
2016;Large Cock
2017;Large Breasts
2018;Accidental Death
2019;Oblivious Katarina Claes
2020;Overpowered Katarina Claes
2021;Ponies turned Human
2022;Omake
2023;I Can't Believe I Wrote This
2024;Humorous Ending
2025;a bit of angst
2026;Confessioni d'amore
2027;Slice of Life
2028;Dubious Consent
2029;tonal whiplash
2030;a bit intentionally confusing
2031;typical time travel trope subversion
2032;Short and Silly
2033;Age Regression/De-Aging
2034;Epic
2035;Everyone WILL get their Memories back
2036;Grocery Shopping
2037;op ranma
2038;Date Rape Drug/Roofies
2039;Deconstruction
2040;MST
2041;Experimental Style
2042;Mild Sexual Content
2043;Other Fandoms Not Mentioned in Tags
2044;rated for language
2045;Different Team Members
2046;Other additional tags to be added later
2047;Sexual Violence
2048;Femdom
2049;Selfies
2050;Character Focus
2051;Homophobia
2052;drunken debauchery
2053;but evil
2054;Ryozanpaku - Freeform
2055;t4t
2056;Nonbinary Chiba Mamoru
2057;Fae & Fairies
2058;Psychological Horror
2059;Screw Destiny
2060;because in Japanese his name is just one single word
2061;Aged-Up Character(s)
2062;Labrys teaches at Azabu-Juban because I said so
2063;sorry guys I'm not about to write a love pentagon
2064;Multiple Pairings
2065;my god what have i done
2066;if you remember the old fic you know nothing
2067;you may ask yourself
2068;Sex Addiction
2069;Bisexual Tsukino Usagi
2070;Minor crossover with SHK
2071;More tags later
2072;Slight Scott Pilgrim elements but not an actual crossover
2073;Light Dom/sub
2074;Recreational Drug Use
2075;Genderbending in epilog
2076;If you've read a romance novel it shouldn't be shocking
2077;High School
2078;Self-Reflection
2079;Swimming Pools
2080;Facials
2081;Awkwardness
2082;Love Triangles
2083;Dom/sub
2084;Spitroasting
2085;Oral
2086;Titjob
2087;Okonomiyaki
2088;Demon Summoning
2089;Rope Bondage
2090;Corsetry
2091;penis gag
2092;Girl In Suitcase
2093;Femslash February
2094;Girl Ranma
2095;Girl Ranma and Akane
2096;Nightmares
2097;Genderbend
2098;Past Alcohol Abuse/Alcoholism
2099;Feel-good
2100;Curse Switch
2101;new life
2102;trans konatsu
2103;Clubbing
2104;Angst and Hurt/Comfort
2105;Domestic Fluff
2106;Sad
2107;Some Humor
2108;explicit pregnancy symptoms
2109;this is short and probably nonsensical but whatever
2110;God of Chaos
2111;Wordcount: 100-500
2112;canon violence mentioned
2113;Cameo appearance by the cutest couple
2114;Bath Sex
2115;Rough Oral Sex
2116;Gay Bar
2117;some drama
2118;Comedy romance action
2119;Drugging
2120;Christmas Presents
2121;Snow
2122;Winter
2123;Hot Springs & Onsen
2124;Fingering
2125;rough fighting
2126;Battle
2127;No Plot/Plotless
2128;Fights
2129;Wedding Fluff
2130;Karate
2131;Kotatsu
2132;Drinking Games
2133;Mousse is legal in this
2134;omg what was up with my purple prose days?
2135;Beast - Freeform
2136;lesbian fairy godmother
2137;Blackmail
2138;Asexual Character
2139;Gender Exploration
2140;Orgasm Denial
2141;There's some magic crap here
2142;Divorce
2143;Kitty Ranko
2144;Ranma's Smarter Than He Looks
2145;Saiyan Saotome Ranma
2146;Ranma falls into the pool of Drowned-Female-Saiyan and gets permanent saiyan features in both forms
2147;30Fic
2148;Vapes is baked
2149;Non-Sexual Bondage
2150;ultra obscure crossover
2151;Herb and Ranma Bond Over Bad Parenting
2152;Ranma's trying to figure his life out
2153;but if it is then let me know
2154;Fluff and Crack
2155;Animals
2156;Snowball Fight
2157;Rescue
2158;Homecoming
2159;Fishing
2160;Reconciliation
2161;Returning Home
2162;Wilderness Survival
2163;One True Pairing
2164;Teambuilding
2165;Surviving
2166;Gentleness
2167;Warnings May Change
2168;Body Worship
2169;Married Couple
2170;Nipple Licking
2171;Married Life
2172;Loving Marriage
2173;One of My Favorites
2174;hand holding
2175;Smutty
2176;Country Music
2177;Implied Twincest
2178;Slash
2179;so happy new year rankane still makes me weak so here ya go
2180;Emotionally Repressed
2181;Romantic Soulmates
2182;Toxic Masculinity
2183;Gosunkugi gets his just desserts
2184;Ranma loves Akane
2185;drug lord
2186;Tumblr Prompt
2187;Burns
2188;Rivers
2189;Underage Drinking
2190;School Dances
2191;Hentai
2192;Anime/Manga Fusion
2193;Wet Clothing
2194;Nothing too heavy just a little touching here and there
2195;Canon Non-Binary Character
2196;POV Female Character
2197;Chaos
2198;Bathroom Humor
2199;Self-Harm
2200;Meta-Joke
2201;Just kiss already!!
2202;Post Jusendo
2203;p-chan - Freeform
2204;There's a Ryuunosuke cameo in there too
2205;Sexual Identity
2206;Fingerfucking
2207;Absolutely contains Nabiki-bashing
2208;non-binary Kaito
2209;ntr
2210;Horny Teenagers
2211;but with a cave
2212;Voice Actor Jokes
2213;Drabble Set
2214;Ran is precious
2215;Sonoko is loving the intrigue
2216;minor Akane/Shampoo
2217;...and maybe more than just a friend
2218;Akane needs a friend
2219;Shower Sex
2220;spirit possession
2221;sapphic Aoko
2222;No Bashing
2223;Asexual Saotome Ranma
2224;discovering sexuality
2225;I’m really proud of this one
2226;Lots of Angst
2227;Uninterrupted
2228;BBC
2229;Sympathetic Kunou Kodachi
2230;Idk how this story is gonna go
2231;Probably won't change toooo much??
2232;Talk of Suicide
2233;Ryoga busts tables
2234;Ryoga massages Ukyo's neck
2235;Akane never wanted the Wedding
2236;schooling
2237;Pre-Poly
2238;Or maybe fighting while flirting
2239;Survivor Guilt
2240;Gangsters
2241;Older Man/Younger Woman
2242;Underage Sex
2243;Trans Female Tendou Akane
2244;Trans Kunou Kodachi
2245;PWP without Porn
2246;Ōzora is part of Hibari clan
2247;Alien Invasion
2248;Trans
2249;girlfriend hangout
2250;Pranks
2251;Plotting
2252;Based on chapter 129
2253;Damaged
2254;Nanban mirror
2255;Medical Professionals
2256;Glory Hole
2257;ranma loves it tho
2258;bisexual akane tendo
2259;Remake
2260;Muscles
2261;huge penis
2262;Eventual Permanent Girl
2263;Hellenistic Religion
2264;Fun
2265;Lesbian Relationships
2266;as in 'I've never actually read canon'
2267;April Showers 2012
2268;I wrote this so you don't have to think about him any more
2269;rivals to friends
2270;Implied/Referenced Homophobia
2271;Mistaken Identity
2272;Accidental Polyamory
2273;don’t expect frequent updates
2274;actual healthy communication
2275;Ranma is trans and we all know it
2276;In Public
2277;small amount of ranko fun
2278;Fake/Pretend Relationship
2279;frenemies to lovers
2280;basically only one canon person shows up in ch. 1 and she is a d-lister
2281;Filk
2282;Mentions of Mousse
2283;ranma trained yuujirou
2284;Parenting
2285;telling lies that are technically the truth
2286;150 tragic stories
2287;Martial Arts Childbirth
2288;cured
2289;curse
2290;but not really
2291;Hopeful Ending
2292;Stubborness
2293;breaking off engagements
2294;Everything is the same except phones!
2295;Jusenkyo Shenanigans
2296;sex with food
2297;Implied Yuri
2298;Posted with Permission
2299;It's Ranma 1/2
2300;Could've beens
2301;Self-Denial
2302;Scissoring
2303;Video Format: Streaming
2304;Checkers is a Good Dog
2305;Jasper has Regrets
2306;thirsting over buff women once again
2307;Samurai
2308;Sassy Sawada Tsunayoshi
2309;Lotsa AUs
2310;Genderfluid Character
2311;Racism
2312;Minor Character Death
2313;Fan Killing Game (Dangan Ronpa)
2314;How Do I Tag
2315;No Ranma charcters appearing...
2316;Post-Canon
2317;What-If
2318;Shakespeare Quotations
2319;artes marciales
2320;EsDeFanfics' Angstruary 2022
2321;Smut
2322;Food
2323;azotes
2324;Unrequited Love of Gary Oak
2325;Bakugou Katsuki is Bad at Feelings
2326;Alternate Universe - Different Servants
2327;First Time
2328;pokegirl - Freeform
2329;Writing
2330;Rose Quartz Did Many Things Wrong
2331;SouMako Week
2332;Crossdressing
2333;Shapeshifting
2334;Original Sentai Team
2335;X-gender Character
2336;Blood and Violence
2337;Ranma and her descendants is OP
2338;Post-Sovereign
2339;Ranma 1/2 fusion
2340;Falling In Love
2341;I can't tag everything
2342;Tags in the Summary of Each Chapter
2343;Though There Are Some Non-OC Plots
2344;knows everyone
2345;Fusion
2346;Tragic Romance
2347;Shore Leave
2348;Saiyans
2349;Exploitation
2350;Intrigue
2351;(possibly)Overpowered Saotome Ranma
2352;Aquatranssexual
2353;no beta reader we die like Tien
2354;Highlander Crossover
2355;Silly
2356;Teen Romance
2357;Awkward Romance
2358;Omega Verse
2359;"Fixing cooking problems instead of using them as a ""joke"""
2360;wildly different chapter lengths
2361;op Yuujirou
2362;Alternate Universe - Post-Canon
2363;MST3K-Style Riffing
2364;Childhood Friends
2365;Quirkless Midoriya Izuku
2366;Mega-Crossover
2367;Trigger warning: Accidental near drowning
2368;Nerfed Main Character
2369;Female Monkey D. Garp
2370;Everyone is Trans
2371;Ki Use
2372;Sailor eclipse
2373;Also using Pantyhose-Taro instead of a separate name
2374;Irregular Hunters | Maverick Hunters (Rockman X)
2375;Nerima Wrecking Crew - Freeform
2376;more tags when I write more of it
2377;Linked Universe (Legend of Zelda)
2378;With the original Toronto Run cast
2379;no one knows where he went
2380;bisexual disaster feedback loop
2381;Senshi Ranma
2382;Slow Burn
2383;Misgendering
2384;Female Ranma
2385;Money
2386;Festivals
2387;Mildly Dubious Consent
2388;trans!ranma
2389;Love Hina cameos
2390;Wedding
2391;Self-Help Books
2392;Creampie
2393;Girly Ranma
2394;Age Difference
2395;Drugs
2396;Friendship/Love
2397;Revenge
2398;Genderfluid Ranma
2399;Sexual Slavery
2400;Panic Attacks
2401;period
2402;Foot Fetish
2403;Drinking
2404;is this love
2405;Canon-Typical Craziness
2406;Water Sex
2407;Eventual Smut
2408;Unplanned Pregnancy
2409;Different Curses
2410;Polysexual
2411;Sappy Letter Writing
2412;Dark Crack
2413;Adventure & Romance
2414;First Time Blow Jobs
2415;Wakes & Funerals
2416;Background Relationships
2417;Family Secrets
2418;Probably gonna to add more as I write btw
2419;Vaginal
2420;Relationship Discussions
2421;worries about seppuku
2422;Slow Romance
2423;Social Anxiety
2424;handjob
2425;pchan
2426;Groping
2427;Rule 63
2428;TFTG
2429;Injury Recovery
2430;References to Canon
2431;Kung Fu
2432;my tzi loves me enough to edit this 20 year old mess
2433;Pastries
2434;cursegender ranma
2435;Kaiju Dildos
2436;Disabled Character of Color
2437;Homophobic Language
2438;Trickster Gods
2439;The Eternal Lost Boy
2440;kiss kiss
2441;some making out
2442;never too late
2443;Akane love
2444;like... 10 years younger
2445;they’re older
2446;Ryoga definitely has depression issues but that’s just canon
2447;and turn what could have been easy into a slow burn
2448;Boys Kissing
2449;maybe a crush? maybe not...
2450;Moving On
2451;not much happening
2452;Anyways
2453;hoping to get featured on ao3's tag of the day yall
2454;Chinese Goddess
2455;Kiss of Marriage
2456;Neko-ken Trauma
2457;Walking
2458;Bear - Freeform
2459;Little Pink Piglet named Momo
2460;Lactation Kink
2461;Pregnancy Kink
2462;Christmas Party
2463;Breaking the Fourth Wall
2464;Shameless
2465;Babies
2466;Tags Are Fun
2467;Thanksgiving Dinner
2468;Affection
2469;Nursing
2470;Hell Right
2471;This is how a real man acts
2472;Lolicon
2473;Emotional Baggage
2474;Internal Conflict
2475;Teen Sex
2476;Evil Amazons
2477;A lesson in honesty
2478;Vampire wants to be mortal again
2479;love potions
2480;Akane can hear Ranma's thoughts and she STILL gets it wrong!
2481;covers manga anime and films plus OVA
2482;Ranma Saotome gets a hug
2483;Forests
2484;Treasure Hunting
2485;Dating
2486;really gotta go
2487;transgender character
2488;Sisters
2489;Same-Sex Marriage
2490;Dark is not Evil
2491;Forgiveness
2492;ryouga
2493;Couples Sparring
2494;Love Hotels
2495;Anger Management
2496;Eventual shamkane
2497;trans girl ai
2498;Lesbian Sex (in Pokegirls omake)
2499;Negima!-centric
2500;Threesome - F/F/M (in Pokegirls omakes)
2501;Rape via deception
2502;confidently hetero Ranma
2503;Messy
2504;agender Ranma
2505;Short Stories
2506;Banter
2507;Ranma conveniently (inconveniently) finds themselves in cursed form OFTEN in this
2508;Forced Masturbation
2509;lady bros
2510;Graphic Description
2511;No Akane Bashing
2512;Trans Male Saotome Ranma
2513;just a little bit
2514;Relationship Negotiation
2515;Hypnotizing Mushrooms
2516;Secret Bachelor
2517;discussion of transphobia
2518;Definitely a period piece
2519;Gosunkugi Hikaru gets told off
2520;A Whole Carton of Eggs
2521;Ranma is a bottom
2522;Pride
2523;Interracial Relationship
2524;Strangers to Friends to Lovers
2525;Abusive Parent
2526;talk of seppuku
2527;bots
2528;No betas we just go in
2529;Native American Character(s)
2530;Film Noir
2531;1930s
2532;Holly writes herself a little Ranbiki as a treat
2533;Post-Symphogear S1
2534;Maybe pre-slah not sure
2535;Genderfluid Tendou Akane
2536;Hibari is Nodoka's maiden name
2537;Awkward Flirting
2538;Updates and Edits
2539;sitting at home drinking tea
2540;your OTP chilling out
2541;Antagonism
2542;Cutting
2543;Actually Healthy Communication
2544;My First Smut
2545;Are you sensing a theme or should I keep going
2546;PSA: This is not how sex actually works
2547;This Is Not Going To Go The Way You Think
2548;Early series ranma
2549;Immortality
2550;Anger
2551;Isekai
2552;im probably not a great judge of that though
2553;Usage of Tomboy and Pervert as Pet Names
2554;...that's an actual tag?
2555;First ever lemon by the author
2556;MLM/WLW Stupidity
2557;Ryoga and Ukyo are being a disaster in the background
2558;Kuno has adventures and a stupid crush on Nabiki
2559;Shampoo and Mousse are being an even bigger disaster in the background
2560;Crying
2561;Canon-Typical amounts of property damage
2562;Ranma doesn't really figure anything out
2563;Toxic Relationship
2564;death to toxic masculinity
2565;violent nightmares
2566;Willful Ignorance
2567;Akane is over it (she isn't)
2568;Spells & Enchantments
2569;Yeah this is just utter filth
2570;divergence
2571;End of the World
2572;Non-Canon Relationship
2573;Alternate Reality
2574;Absurd Martial Arts
2575;Asexual Hibiki Ryouga
2576;Threats of Rape/Non-Con
2577;Hope
2578;thoughts
2579;I Don't Even Know
2580;Ranma has the ATA Gene
2581;Illusions
2582;Pro Wrestling announcing
2583;Gun Violence
2584;discussions of scars
2585;content warnings at beginning of each chapter
2586;White-Winged Lilith
2587;Space Flight
2588;Alternate Universe - Canon Divergence
2589;Hobbits
2590;Alternate Universe - Reincarnation
2591;Slow Updates
2592;Flamboyant Sawada Tsunayoshi
2593;Morally Grey Harry Potter
2594;Magically Powerful Harry Potter
2595;Emotional Hurt
2596;Midoriya Izuku Has a Quirk
2597;Headcanon
2598;Manga & Anime
2599;Crazy Crossover Families
2600;Trans Female Character
2601;Nonbinary Cassandra Cain
2602;Ranma 1/2 au
2603;look Han is Ranma just go with it
2604;Drabble Collection
2605;Alternate Universe - Elf
2606;Romantic Comedy
2607;Love
2608;Shoujo-ai
2609;referencia a BDSM
2610;Angst
2611;Death
2612;Pañales
2613;Bonding
2614;watch as I sweep anything canon that doesn't work to me into this comically large dustpan
2615;Crossover Pairings
2616;Inspired by Ranma 1/2
2617;Polyamory
2618;Alternate Universe - Harry Potter Setting
2619;Dark
2620;Don't copy to another site
2621;Zoro's got secrets
2622;Found Family
2623;no beta we die like men
2624;BAMF Saotome Ranma
2625;Saotome Genma's A+ Parenting
2626;domestic life
2627;strange animals
2628;Fairy Tail Cards
2629;The Bet
2630;humans as transformers
2631;free story
2632;Crack
2633;Game Master Earth
2634;Just a Set of Sneak Previews
2635;So just be aware
2636;Prankster Needs an Alibi
2637;Major Original Character(s)
2638;Autistic Character
2639;Bisexual Female Character
2640;Lesbian Sex
2641;Internal Monologue
2642;Breast Fucking
2643;More Than Canon-Typical Violence
2644;Another curse
2645;Selfcest
2646;Fluff and Humor
2647;Amor no Correspondido
2648;Confusion
2649;Taking Gags Seriously For Comedy's Sake
2650;Dark Fantasy
2651;Father-Son Fight
2652;MSTing
2653;Ranma/marcial arts
2654;Ranma también es un idiota al casarse con un Idiota
2655;No Smut
2656;Mostly Crack
2657;mostly an excuse to fuck with canon
2658;Overpowered Saotome Ranma
2659;Vampires
2660;Ranma is half-youkai
2661;Failed Relationship
2662;Fukufic
2663;oops i made it dramatic
2664;Light Angst
2665;Letter to yourself
2666;Trans Female Saotome Ranma
2667;Bigender Tenoh Haruka
2668;Mind Manipulation
2669;Internalized Transphobia
2670;But with the Norns from OMG
2671;Threesome
2672;Deal With It
2673;Shiho Suzui is an Anti-Shadow Suppression Weapon in Disguise
2674;Ranma and Fei Ren Zai cameos
2675;there will be appendix
2676;Gender Issues
2677;Minor other Rumic crossover
2678;we shall see
2679;Alternate Universe - College/University
2680;Tutoring
2681;Sex Education
2682;Earrings
2683;Cat fist
2684;D&D club
2685;prose
2686;Self-cest
2687;Face-Fucking
2688;Hijinks & Shenanigans
2689;it's actually really cute
2690;Self-Discovery
2691;Cum Eating
2692;Feudal Japan
2693;Humour
2694;Latex
2695;Master/Slave
2696;Psychological Drama
2697;Role Playing Sex
2698;Transgender
2699;Ficlet
2700;Flowers
2701;Mild Hurt/Comfort
2702;hatefuck
2703;Innuendo
2704;Rain
2705;Praise Kink
2706;anthros
2707;Cute Ending
2708;Adventures in the Gayborhood
2709;Jusenkyo has a bad Delivery Service
2710;I have no explanation for writing
2711;Chinese Mythology & Folklore
2712;Awesome
2713;Plot
2714;Arachne - Freeform
2715;Current Work IN PROGRESS
2716;Jumpchain Shenanigans
2717;READ THE DISCLAIMERS!
2718;Punk
2719;Action Figures
2720;Conversation
2721;Family Bonding
2722;Implied/Referenced Sex
2723;Dom/sub Play
2724;Tender Sex
2725;Foursome
2726;Some Seriousness
2727;Bigender Ranma
2728;Clones
2729;Love Polygon
2730;santa
2731;Spatulas
2732;some massaging
2733;Changing the past isn't so easy
2734;The Nanban Mirror
2735;The Tendo Household is having a rotten day
2736;badly ooc
2737;Mindbreak
2738;Hyperinflation
2739;Cursed Outfit
2740;Lube
2741;similar character dynamics
2742;Forced
2743;Shampoo and Ranma being brats together
2744;Magic transition
2745;Cock Hugger
2746;Changing POV
2747;Probably one of the rarest of Rumic pairings but y'know what? That's ok
2748;True Neko Ken
2749;Future Trunks will be called 'Mirai' to show which Trunks is which
2750;Mild Akane Bashing
2751;Teacher-Student Relationship
2752;Bad Cooking
2753;Art
2754;Bad Parenting
2755;Homelessness
2756;bildungsroman
2757;Next Generation
2758;i don't make the rules here i'm merely a vessel for these thoughts that hit me at three am
2759;Ranma Raised by Amazons
2760;Confessional Sex
2761;Erotica
2762;Ranma Week 2014
2763;I Will Go Down With This Ship
2764;Epic Friendship
2765;Cold Weather
2766;Imagine your OTP
2767;Canon Continuation
2768;Alternate Universe - Urban Fantasy
2769;Fireplaces
2770;Husbands
2771;Nipple Play
2772;Public Display of Affection
2773;Hormones
2774;Christmas Music
2775;boobs
2776;Estrogen
2777;Got milk
2778;Ballroom Dancing
2779;Based on a SpongeBob SquarePants Episode
2780;Confessions
2781;switching forms
2782;Emotional Manipulation
2783;Retelling of Ranma 1/2
2784;Firefighters
2785;fire rescue
2786;I Ship It
2787;She's got sass once the chapters get flowing
2788;Ranma drinks his respecting women juice
2789;just a silly little AU
2790;They finally get it over with
2791;Satire
2792;Darkstalker reference
2793;Travel
2794;Vampire Bites
2795;College Akane
2796;pussyfree
2797;takes place right after the romeo and juliet play
2798;curse locking
2799;Alternate Universe - Always a Different Sex
2800;Meeting the Parents
2801;Journey to the Magic World Arc
2802;regular feelings that regular boys have
2803;these girls have all got some VERY sturdy closets
2804;trans ryoga
2805;Autumn
2806;Missing Scene
2807;Mousse too
2808;o-shogatsu
2809;Hidden Sex
2810;Trans Kuonji Ukyo
2811;Narcissism
2812;Advent
2813;genderfluid kuroba kaito
2814;but I ain't writing anything detailed I swear.
2815;Mild Gore
2816;Hugging
2817;rumic world
2818;Explicit Consent
2819;Other Characters as well - Freeform
2820;Isolation
2821;She's really chill with them
2822;Hucow
2823;Red Dwarf References
2824;Story
2825;Wedding-Crashing
2826;Cats
2827;Time Travel Fix-It
2828;Some Plot
2829;Non-Consensual Touching
2830;babysitter
2831;Period-Typical Sexism
2832;Beaches
2833;Objectification
2834;Stereotypes
2835;Bluebell is Ranma's lil sis
2836;Deception
2837;Symphogear References
2838;working out
2839;Inspired by Fanart
2840;Seasonal
2841;References to Ranma 1/2
2842;Sleepy Cuddles
2843;need a beta reader
2844;A little bit dark
2845;Happosai is Garbage
2846;trans mousse
2847;First Love Zombie
2848;Gojo Satoru is a Little Shit
2849;Adults Being Idiots
2850;Kirishima Miyama is a little shit
2851;Fighting Kink
2852;Muteness
2853;Medical Conditions
2854;Ryokari is adorable and needs more content
2855;Cock Piercing
2856;Nabiki is a bitch.
2857;they made me do this i swear
2858;Albino
2859;Shame
2860;Demon!Ukyo
2861;Attempted Suicide
2862;Tags to be added
2863;Love/Hate
2864;Communication Failure
2865;Reference to Seppeku Contract
2866;From Sex to Love
2867;Can’t spoil the plot after all
2868;small amount of Angst
2869;Seriously how didn't this happen before?
2870;De-Aged Ranma
2871;You would think that Ranma would have wised up about magic artifacts by now
2872;Memes
2873;Akane has it all figured out
2874;During Canon
2875;Shampoo loves Ranma
2876;will they / won't they
2877;Shampoo deserves to be treated better by the series
2878;funhouse of horrors
2879;Alternate Universe - No Jusenkyo
2880;Sappy
2881;The Game Is Afoot
2882;Awkward Teens Be Awkward
2883;Shu is from Joketsuzoku
2884;You’re supposed to have a harem?
2885;everyone has regrets
2886;nabiki the matchmaker
2887;Het
2888;Vampire Ranma
2889;Eggs
2890;Diapers
2891;Sort Of
2892;Does it really count as cuckolding if the guy's not in a relationship with the girl?
2893;Episode Related
2894;neko
2895;Vampire Slayer(s)
2896;Pop Culture
2897;Post-Apocalypse
2898;On Hiatus
2899;Harem
2900;Breast Expansion
2901;volume 38
2902;Supernatural - Freeform
2903;Gules
2904;whumpage
2905;Yet Another Ranma-chan Fanfic
2906;Thriller
2907;Video Format: MP4
2908;#nosequeestoyhaciendo
2909;nalgadas al aire libre
2910;Omega Steve Rogers
2911;Massacre
2912;Geass
2913;Heterosexuality
2914;Tempature Play
2915;Ranma is in early 20s
2916;Fucking
2917;Oviposition
2918;Story Arc
2919;For Sailor Moon
2920;Alternate History
2921;Alternate Universe - Fantasy
2922;Furry
2923;Female Sasagawa Ryouhei
2924;Tragedy
2925;Gender-Neutral Pronouns
2926;Bigender Saotome Ranma
2927;Teasing
2928;Sorta character death
2929;Fix-It of Sorts
2930;Flash Fic Collection
2931;Navidad
2932;Naruto and Ash are brothers
2933;castigo corporal
2934;я притянула всё за уши
2935;do not repost to another site
2936;Alternate Universe - Time Travel
2937;Depression
2938;Mind Control
2939;Tentacle Rape
2940;Crack Crossover
2941;Characters React to Author
2942;Writing Hacks
2943;Ranma is Zoro's Dad
2944;using Ranma characters to populate a Grand Line island
2945;in this fic Zoro comes from the Grand Line
2946;Ghost Sex
2947;Tattoos
2948;Resurrection
2949;Possession
2950;Pre-Movie: Transformers: The Movie (1986)
2951;Lesbian Character
2952;Past Relationship(s)
2953;Hope vs. Despair
2954;Wordcount: 100
2955;Ranma-chan
2956;crossovers
2957;Paris Era
2958;Generally Includes a Lot of OCs
2959;Read the Tags for Individual Chapters
2960;Will Contain Many Different Snippets from Different Fandoms
2961;Strawberries
2962;Midoriya & Uraraka are too Innocent
2963;Rites of Passage
2964;Adopted Sibling Relationship
2965;Protective Siblings
2966;Anal Sex
2967;Nipple Piercings
2968;Oral Sex
2969;Parent Saotome Ranma
2970;Female Player Character (Astral Chain)
2971;Ranma as radiance
2972;Post Matrimonio
2973;Amigos
2974;engaño
2975;Language
2976;Crimefighter Saotome Ranma
2977;immortal Ranma
2978;Affairs
2979;Anthropomorphic Pokemon
2980;not likely to be continued
2981;Post-War
2982;Implied/Referenced Abuse
2983;Sawada Iemitsu Being an Idiot
2984;se casaría con Fon
2985;incomplete wtf
2986;Analytical Midoriya Izuku
2987;Fem!Everyone
2988;Dress Up
2989;Consensual
2990;I am Komedy
2991;Alternate Multiverse
2992;Amicable Breakup
2993;Technobabble
2994;Most of them just get mentioned tho
2995;inappropriate use of time travel
2996;vacuum - Freeform
2997;Unintentional Incest(im horny at time this story is being written)
2998;Incest?
2999;Heavy Angst
3000;Petplay
3001;Kasumi is basically a Persona now
3002;no fiancee bullshit for Ranma either
3003;Friends to Lovers
3004;alternative ending
3005;familia encontrada
3006;Alien/Human Relationships
3007;Clingy Ranma-chan
3008;Ranma and Usagi are cousins
3009;Happousai finally dies
3010;I will never learn to stop writing late at night
3011;trust me - Freeform
3012;Alpha/Beta/Omega Dynamics
3013;Bi-Gender Character(s)
3014;Queer Themes
3015;Happy Lesbian Syndrome
3016;nb!ukyou
3017;Angst with a Happy Ending
3018;Growing Up
3019;Monks
3020;headcanon fic
3021;Story within a Story
3022;Ranma is a girl
3023;Main Love Interest Akane
3024;Coming Out
3025;Children of Characters
3026;Fashion & Couture
3027;Platonic Female/Male Relationships
3028;Period-Typical Homophobia
3029;Short
3030;Valentine's Day
3031;drugged beverage
3032;Ryoga Hibiki - Freeform
3033;Tags Are Hard
3034;Gen Fic
3035;Getting Together
3036;Monster Girl
3037;Feet worship
3038;Male Cum Drinking
3039;It's all in good fun
3040;Repression
3041;Angst and Feels
3042;Fluffy Ending
3043;ominous ending
3044;i think
3045;Careful with the mail order
3046;so I'm putting as many as I can in one fic
3047;shoulder dislocation (not too graphic or anything though)
3048;most likely after a fight
3049;Cameos
3050;This is Very
3051;Jumpchain Perks at Work
3052;AKA Fun with Instant Jusenkyo
3053;I Kinda Like A Real Man and The Bitter End
3054;Look... Just Crack
3055;Developing Friendships
3056;Canonical Character Death
3057;Family Issues
3058;Adulthood
3059;Ten Years Later
3060;Stranded
3061;Romantic Friendship
3062;Mentions of Cancer
3063;Judaism
3064;Swearing
3065;male!ranma and ryoga
3066;Accidental Relationship
3067;Ryouga is always wanting to kill Ranma
3068;Switcharoo (The ability to switch consciousnesses)
3069;The Lion Roar Shot
3070;Alien Abduction
3071;Beating
3072;Like 20 years old
3073;Costume
3074;VA dorkery
3075;Parental Death
3076;Funny little headcanon
3077;Ranma is a troll
3078;picking your family
3079;gods and demons
3080;because I felt like it
3081;inspired by the movie The Odd Couple
3082;Ranma would also make a great stuntman
3083;Middle School
3084;Coming of Age
3085;Ranma Never Gets a Break
3086;Home
3087;Sacrifice
3088;Consensual Sex
3089;Music
3090;Inspired by Lady and the Tramp (1955)
3091;Dinner
3092;Breasts
3093;Suckling
3094;Ranma brings the craziness to Nerima
3095;OTP Feels
3096;Adult Content
3097;Bathing/Washing
3098;Sweet
3099;Sweet/Hot
3100;Fatherhood
3101;Christmas Smut
3102;So Married
3103;Real man
3104;Life-Affirming Sex
3105;mating for life
3106;ANR
3107;manliness
3108;Female goddess
3109;Slow Dancing
3110;madagascar
3111;Stupidity
3112;Forced truth telling
3113;after the manga
3114;Emotional Sex
3115;polycule
3116;Ranma Saotome needs a hug
3117;Feelings Realization
3118;Matter of Life and Death
3119;Ice
3120;Size Stealing
3121;Enemies to Friends
3122;Fifteen Minute Fic
3123;dump
3124;poop
3125;Surgery
3126;Love Potion/Spell
3127;but she's just someone they met at pride
3128;Akane has to be the adult in the room
3129;Accidental Engagement
3130;Does not contain Akane-bashing
3131;Ranma does not appear
3132;I will not disavow old works just because they're old and I'm a better writer now
3133;Happosai gets killed but it's a very brief mention
3134;Unresolved Emotional Tension
3135;Genma is an idiot
3136;Sex Tapes
3137;Parent Trap shenanigans
3138;Dubious Morality
3139;Pizza
3140;Father-Daughter Relationship
3141;Ranma and Akane are oblivious as hell
3142;Internalized Homophobia
3143;Ranma is a goofball who tries his best
3144;early-ish for Conan
3145;post canon for Ranma
3146;Kasumi is tired of everyone else having adventures
3147;And Sayuri is here too
3148;Awkward Conversations
3149;Internalized Misogyny
3150;maybe something will come out of it.
3151;Trans Tendou Akane
3152;Boys In Love
3153;Kuonji Ukyou-centric
3154;Brief M/M
3155;this baby can hold so many friendships in it
3156;Breast Worship
3157;Fear of Rejection
3158;hospitals cw
3159;Role Reversal
3160;Post continuity
3161;Eventual happiness but a rough road to get there
3162;bimbo
3163;I haven't watched Ranma in so long there's gonna be some things wrong
3164;How am I gonna deal with the other fiances??
3165;Not me googling the wiki for the episode recaps-
3166;Ranma needs friends ok? And a hug
3167;"ao3 is so confusing ;-;"
3168;Alternate Universe - Medieval
3169;Long-Distance Relationship
3170;School Life
3171;it goes about as well as you'd expect
3172;Character Turned Into Vampire
3173;Magical Artifacts
3174;Cowboys & Cowgirls
3175;Flirting While Fighting
3176;Underage Rape/Non-con
3177;Dissociative Identity Disorder
3178;Dissociation
3179;Insecurity
3180;Akane is a lesbian and knows it
3181;Giorno's hair
3182;beef stroganoff
3183;Spring
3184;Tags May Change
3185;Sleepy Kisses
3186;Bickering
3187;Surprise Kissing
3188;Difficult Decisions
3189;Beadwork
3190;only implied genderfluid
3191;supportive Akane
3192;You Have Been Warned
3193;Whipped Cream
3194;Victim Blaming
3195;Unhealthy Coping Mechanisms
3196;bit of a slow burn
3197;Ranma and Akane are a lot nicer in this so less violence
3198;i'll add tags as i go
3199;Bad Decisions
3200;Devils
3201;Inner Dialogue
3202;Cologne
3203;Chinese Amazons
3204;canon blind
3205;probably actually more like OSDD than DID but OSDD isn't a tag
3206;Takes place during the Martial Arts Ice Skating arc
3207;Trauma
3208;Genma is not a great parent
3209;Slapstick
3210;Toxic masculinity makes everything worse
3211;Nabiki has all of the brain cells and a stupid crush on Kuno
3212;no betas we die like martial artists wrapped in fish sausage in a pit full of cats
3213;Chi is OP
3214;Deliberately
3215;Fanfiction
3216;Made up martial arts technique
3217;sworn to revenge
3218;ending may induce rage
3219;Trans Male Tendou Nabiki
3220;Food with sex in it
3221;Toaster blowtorch
3222;Crossover Pairing
3223;Aquatransexual
3224;mad - Freeform
3225;Backdate
3226;Fight Clubs
3227;Video
3228;Facebook: Club de Lectura de Fanfiction
3229;Secret Attraction
3230;Characters use Dark Humor as a Coping Mechanism
3231;Debatably canonical to SU Future
3232;Alternate Universe - Modern with Magic
3233;Minor crossover elements: Slayers
3234;cartoon violence
3235;Beach City is the Sapphic Capital of the Universe
3236;brutally realistic depictions of ranma 1/2 characters
3237;Accepting!Nodoka
3238;unwanted engagements
3239;Species Dysphoria
3240;The Romans
3241;akane - Freeform
3242;Harems
3243;Tooth-Rotting Fluff
3244;Out of Character
3245;Only posing for hardcore fans...
3246;really old
3247;Bigender Character
3248;AU
3249;Cat
3250;OOC
3251;Oneshot
3252;Friendship
3253;Complications
3254;Staged Crime Scene
3255;Alternate Universe
3256;ranma 1/2 - Freeform
3257;inuyasha - Freeform
3258;Virus
3259;Time Cops Setting (Yogscast)
3260;Sibling Incest
3261;Typical Ranma Shennanigans
3262;but she meant well
3263;Pregnancy
3264;Light Bondage
3265;Post-Manga: Ranma 1/2
3266;Couple insolite/improbable
3267;Animal Transformation
3268;They/Them Pronouns for Shepard (Mass Effect)
3269;Kink Meme
3270;中文翻译 | Translation in Chinese
3271;Romanticism
3272;Writober
3273;fanwriterit
3274;Spoilers For fandoms within
3275;Unexpected Normalcy
3276;Delta Quadrant
3277;Cock Slut
3278;Genital Piercing
3279;reverse isekai
3280;Old Friends
3281;Sexual Training
3282;Living Clothes
3283;DemonDeityHybrid
3284;Secret Crush
3285;Descubrimiento
3286;chica muy celosa
3287;psychological mind trip
3288;Jusenkyo curses
3289;post canon for Ranma 1/2
3290;Cast split up
3291;Yasakani's clan descended from Ranma
3292;OC X CANON
3293;Heterosexual Sex
3294;Past Rape/Non-con
3295;Threesome - F/F/M
3296;but you never know
3297;probably never be worked on
3298;Like over a deacade old
3299;https://www.fanfiction.net/s/4722676/1/Her-War is where Ruby originated from
3300;Christmas Angst
3301;Threesome - F/M/M
3302;please take them up
3303;Ableist Language
3304;Maids
3305;Original Sailor Senshi
3306;trash digging
3307;Persona 5 Protagonist & Sakura Futaba Are Siblings
3308;Character of Color
3309;Deshidratación leve
3310;this came from looking at maps
3311;Jedi Training (Star Wars)
3312;2017 NHK Trophy
3313;what happens when an egomaniac and a romantic are best buds & near-siblings
3314;trans Ranma
3315;Alpha Ranma
3316;Omega Ryoga
3317;safe sex
3318;Nausea
3319;lots of other characters and cameos but these are the main people
3320;Rescue Missions
3321;Blowjobs
3322;Pronoun Switching
3323;Oral Sex on Toys
3324;Locked Curse
3325;Torture
3326;Alternate Universe - Romance Novel
3327;Magical Shenanigans
3328;Ballet boots
3329;Polygamy
3330;Lime
3331;Menstration
3332;Food Sex
3333;First Dates
3334;Ice Skating
3335;Alternate Universe - Curse Inversion
3336;Anal
3337;Trans Man Ranma Saotome
3338;Y'all better buckle up for a ride
3339;ryoga wants both genders
3340;Bathtub Sex
3341;With A Twist
3342;Fluff and Hurt/Comfort
3343;Kendo
3344;NSFW
3345;Parallel Universes
3346;oh well too late now
3347;Domestic
3348;Women Being Awesome
3349;Inappropriate Humor
3350;Gallows Humor
3351;Bisexual
3352;McDonald's
3353;Past Tense
3354;Comedy of Errors
3355;how incredibly appropriate
3356;Dark Comedy
3357;Community: chain_of_fics
3358;Alternate Universe- Feudal War
3359;Prostitution Roleplay
3360;Genderqueer
3361;Hallmark Movie Plot
3362;Ranma needs to be protected from hurting someone
3363;Ryouga has a major mental meltdown
3364;ugly bastard
3365;just ranma having a peaceful afternoon
3366;Epilogue
3367;Mixed Martial Arts
3368;Post-Battle
3369;Mentions of Violence
3370;Lookalikes
3371;Lactation
3372;the springs aren't supposed to do that!
3373;Scent Kink
3374;Wish Fulfillment
3375;everyone forgets ryoga
3376;Nightmare
3377;Supportive Couple
3378;injured Shinichi
3379;An Alternate Interpretation of the Original Story
3380;Ranma and Akane
3381;gender fluid Ranma
3382;New Techniques
3383;Android 17 is still alive
3384;Piccolo (Dragon Ball) lives
3385;Her squad is gay
3386;signature accessory origin
3387;Sex Talk
3388;Marriage Promise
3389;Mystery
3390;Worldbuilding
3391;The Musk
3392;Flashbacks
3393;Folklore
3394;Christmas Dinner
3395;Holidays
3396;Orgasm
3397;Dorks in Love
3398;Fetish
3399;Sexy Times
3400;Caring
3401;Nervousness
3402;Continuity What Continuity
3403;your mileage may vary
3404;adult nursing relationship
3405;naturally
3406;Mammaries
3407;Learning to Dance
3408;Humiliation
3409;This Is STUPID
3410;This Is Why We Can't Have Nice Things
3411;Beginner Friendly
3412;Twin Threesome
3413;machismo
3414;Vibrators
3415;Hospitals
3416;Tears
3417;Childhood Memories
3418;Condoms
3419;Scent Marking
3420;It can be to your preferred Ryouga ship
3421;Everyone acts like mature rational adults except for genma and soun
3422;Bully
3423;Podfic
3424;Mental Health Issues
3425;Christmas fun
3426;they're all together
3427;References to Depression
3428;Therapy
3429;bi disasters
3430;Ball Kink
3431;remember when rumiko tricked us into thinking they kissed haha
3432;im here decades later to write a short thing about it lmao
3433;idiots to lovers
3434;Self-Loathing
3435;Happosai is fucking dead
3436;Ranma-chan!fic
3437;Ukyo learns the Hiten Mitsurugi-ryū (Rurouni Kenshin)
3438;Loss of Parent(s)
3439;Interlude
3440;trans girl Shampoo
3441;Shrine Visit
3442;Card Games
3443;Drabbles
3444;smutty smut smut
3445;Sexism
3446;Cross-Posted on LiveJournal
3447;Claiming Bites
3448;Sensory Deprivation
3449;Gym Sex
3450;I play DND myself
3451;Magical Pregnancy
3452;2017-2019
3453;anchronism stew in this household
3454;rope
3455;the gang is all here
3456;Ranma-Chan in Disguise
3457;Posting because FFN peeps asked for it
3458;gender feels
3459;but at least they have each other
3460;Covert Affairs - Freeform
3461;XReader
3462;Canon Typical Craziness
3463;Trolling Nabiki
3464;Human Furniture
3465;No beta we die like Ranma's attempts to find a cure
3466;Ryoga and Ranma fight
3467;Occasional OOC
3468;Drugged Sex
3469;Amputee Saotome Ranma
3470;Detective Noir
3471;(Paul F. Tompkins voice) You Heard What I Just Said
3472;Sexual Situations
3473;Implied/Referenced Domestic Violence
3474;hell ring
3475;Demigirl Character
3476;Awkward Tension
3477;Inspired by Music
3478;Outercourse
3479;this is your OTP relaxing
3480;Playlist
3481;a little fluff
3482;Scared myself with that last update and balking at posting more because it will hurt
3483;Historical
3484;Cage Fights
3485;Food Play
3486;Iori Utahime is So Done
3487;Thanks for coming to my TED... er
3488;Yoshino Somei is about done
3489;Incomplete
3490;Ranma Saotome is a jerk
3491;ranma is bad with feelings
3492;Ranma is Genderfluid
3493;Alternate Universe - Dark
3494;Filming
3495;Abusive Relationships
3496;Sharing Clothes
3497;Prostitution
3498;Evil
3499;Ranma and Akane alone
3500;Public domain fanfiction
3501;Misogyny
3502;alternative past
3503;Morally dubious bargaining strategies
3504;Nodoka is also not a great parent
3505;this will be crazy
3506;Shorts
3507;Implied/Referenced Mind Control
3508;Ancient Chinese magic artifacts
3509;but noooope
3510;Pansexual Character
3511;Shinto
3512;sexism (mostly Genma)
3513;Tricksters
3514;Series
3515;Lap Sex
3516;Existential Angst
3517;Psychological Trauma
3518;Anything Goes Competitions
3519;What could go possibly wrong
3520;gender shenanigans
3521;mild violence
3522;Japan
3523;Asia
3524;Fighting
3525;Community: no_true_pair
3526;mention of suicide
3527;iPhone AU
3528;Ranma is flirty
3529;Demon Contract
3530;I wanted Akane in the middle of a Ranma sandwich so this happened
3531;Community: 12daysofxxxmas
3532;Doom
3533;TWT
3534;passive aggressive teenagers
3535;Trans Male Ranma
3536;Graphic Language
3537;Ryoga will always protect Akane
3538;Playboy
3539;Sexual Discovery
3540;Confinement
3541;Silly martial arts duel
3542;Post-Wedding Fiasco
3543;Cultural Differences
3544;#RxAday
3545;As does Ryouga
3546;Alternate Universe - Harem
3547;Lapdance
3548;Secret Identity
3549;Strength
3550;fan fusions
3551;engagements
3552;Brother/Sister Incest
